"","Domain","DirectCV","FHCV","admin2Pcod","admin0Pcod","admin1Pcod","admin2Name","area","estimated_population_current","FH","Direct","poppoor","FH_Bench_rake","FH_Bench_ratio","FH_Bench_mse","geometry","survey_size"
"1",1101,0.00656765893079596,0.00587251714952708,"SO1101","SO","SO11","Borama",3100.89488146716,391181,0.315893681419407,0.297543997105364,123571.606191325,0.338719126214014,0.338436665130507,0.323398384698344,list(list(c(43.3909416, 43.3509369, 43.3309402, 43.3709373, 43.3109398, 43.2905197, 43.2896498, 43.28958, 43.28373, 43.26995, 43.26906, 43.26299, 43.25687, 43.18181, 43.16848, 43.16215, 43.14989, 43.146088, 43.14526, 43.1444822, 43.14448, 43.13813, 43.12885, 43.11535, 43.09986, 43.08947, 43.0859, 43.07638, 43.06518, 43.06182, 43.0489, 43.02924, 43.0174, 43.01065, 43, 42.99321, 42.97863, 42.94323, 42.942, 42.88115, 42.86529, 42.85833, 42.85336, 42.83263, 42.8174519, 42.8184319, 42.8609314, 43.2209396, 
43.3709412, 43.3909416, 10.4109077, 10.0509405, 9.8409586, 9.8009624, 9.6909714, 9.6585035, 9.6571929, 9.65753, 9.69065, 9.76855, 9.78737, 9.8151, 9.84264, 9.88267, 9.88814, 9.89074, 9.89943, 9.8989701, 9.89887, 9.8926672, 9.89265, 9.8863, 9.88632, 9.88878, 9.89648, 9.90452, 9.9088, 9.93319, 9.96189, 9.96687, 10, 10.05042, 10.08078, 10.09143, 10.1012, 10.10567, 10.11705, 10.15143, 10.15253, 10.20711, 10.22425, 10.23407, 10.24254, 10.27788, 10.3182658, 10.319047, 10.350915, 10.5009003, 10.5308971, 
10.4109077))),237
"2",1102,0.0535628042974093,0.0237265987237356,"SO1102","SO","SO11","Baki",3435.78721190125,59923,0.483429435760511,0.518767207393476,28968.5420790771,0.506254880555118,0.517928200809713,0.52983145385289,list(list(c(44.234417, 44.236595, 44.150959, 44.0409546, 43.8209496, 43.7609482, 43.7209511, 43.530941, 43.3709373, 43.3309402, 43.3509369, 43.3909416, 43.4609413, 44.0724087, 44.0818863, 44.0960884, 44.1102257, 44.1175117, 44.1307945, 44.1403885, 44.1486206, 44.1842766, 44.201683, 44.2071381, 44.2180214, 44.234417, 10.4750204, 10.4731234, 10.3209133, 10.170927, 10.2909174, 10.3009167, 10.2609205, 9.9909449, 9.8009624, 9.8409586, 10.0509405, 10.4109077, 10.3809109, 10.5978555, 10.5849257, 10.5718679, 
10.5620251, 10.5580273, 10.5559835, 10.5527182, 10.5475883, 10.5186138, 10.5076799, 10.502037, 10.4912586, 10.4750204))),24
"3",1103,0.113357626854821,0.0641103118730482,"SO1103","SO","SO11","Lughaye",3350.48130767895,62671,0.321201628514772,0.767857142857143,20130.0272606493,0.344027073309379,0.344123400951157,0.404507175634015,list(list(c(44.0644417, 44.0724087, 43.4609413, 43.3909416, 43.3709412, 43.2209396, 43.1309395, 43.697785, 43.7302475, 43.7684326, 43.789135, 43.8383446, 43.8570786, 43.9294968, 43.9530678, 43.9567451, 43.977623, 43.9950294, 44.046772, 44.0578423, 44.0644417, 10.6087246, 10.5978555, 10.3809109, 10.4109077, 10.5308971, 10.5009003, 10.6908836, 10.9351854, 10.9025097, 10.8590202, 10.8354359, 10.784709, 10.7673845, 10.7063036, 10.6846972, 10.6813269, 10.6720829, 10.6620808, 10.6205645, 10.613575, 10.6087246
))),12
"4",1104,0.071260968065122,0.0489692813347197,"SO1104","SO","SO11","Zeylac",6065.02315057404,60237,0.181426574211274,0.172653881202566,10928.5925507645,0.204252019005881,0.194373640100114,0.217367803197184,list(list(c(43.4683298, 43.4679718, 43.4551773, 43.45467, 43.4506226, 43.4587097, 43.4593502, 43.4628601, 43.4691429, 43.4726868, 43.4739532, 43.4720383, 43.4683298, 11.4279086, 11.4273949, 11.4208679, 11.42803, 11.4318514, 11.44559, 11.4458876, 11.4475183, 11.4481115, 11.4461193, 11.4415483, 11.4332304, 11.4279086)), list(c(43.3136597, 43.3151131, 43.3201866, 43.3311539, 43.3344383, 43.3435898, 43.3457298, 43.3542862, 43.3866692, 43.3909531, 43.4099846, 43.4275665, 43.4309044, 43.4317818, 43.4383926, 
43.4473381, 43.4552116, 43.4596481, 43.4781494, 43.4868431, 43.4983597, 43.5032692, 43.5044294, 43.5045052, 43.4926491, 43.4920883, 43.483696, 43.4821091, 43.4794884, 43.4803505, 43.4854584, 43.4865875, 43.4934006, 43.4936867, 43.496067, 43.4998245, 43.502327, 43.51614, 43.5179825, 43.5214005, 43.5289726, 43.5327225, 43.5399971, 43.5391033, 43.5276718, 43.5248108, 43.5259802, 43.5280342, 43.5538177, 43.5559616, 43.557991, 43.5650444, 43.5748062, 43.5842056, 43.5985947, 43.6150322, 43.6257133, 43.6470222, 
43.6589851, 43.674469, 43.6831131, 43.6921997, 43.697785, 43.1309395, 43.2209396, 42.8609314, 42.8184319, 42.8174519, 42.80483, 42.80325, 42.79185, 42.76308, 42.75691, 42.75612, 42.74667, 42.73944, 42.73165, 42.71687, 42.70405, 42.6984, 42.69542, 42.69039, 42.68317, 42.68301, 42.68502, 42.69296, 42.7032, 42.7035299, 42.7226, 42.7227868, 42.73867, 42.76653, 42.78857, 42.7975, 42.81088, 42.81127, 42.84093, 42.85571, 42.86422, 42.87044, 42.87626, 42.88554, 42.91005, 42.93133, 42.9615049, 42.968055, 
42.997933, 43.2611999, 43.2659706, 43.2735214, 43.287468, 43.2931023, 43.2974281, 43.3016701, 43.305851, 43.3060799, 43.306942, 43.3061523, 43.3000641, 43.2972107, 43.2845345, 43.286335, 43.2868078, 43.2905159, 43.3022957, 43.30756, 43.3136597, 11.467762, 11.465004, 11.4471817, 11.4262695, 11.4254227, 11.4329796, 11.4311876, 11.4136705, 11.3835669, 11.3797512, 11.3833828, 11.3789339, 11.3755579, 11.3675299, 11.3637638, 11.3598185, 11.3517103, 11.3513451, 11.3577194, 11.3650322, 11.3712559, 11.3706703, 
11.3676741, 11.3674784, 11.3602009, 11.3598566, 11.3493309, 11.3368816, 11.3290091, 11.3216705, 11.3121233, 11.3031807, 11.2902212, 11.2667761, 11.2436085, 11.2317305, 11.2268105, 11.1996622, 11.1900454, 11.1829901, 11.1776333, 11.1765642, 11.1782837, 11.1786847, 11.183814, 11.1867418, 11.1873504, 11.1884193, 11.1811485, 11.178895, 11.1717939, 11.14713, 11.1266441, 11.1121283, 11.0823135, 11.0596714, 11.0449486, 11.007, 10.9918461, 10.9645796, 10.9529934, 10.9408073, 10.9351854, 10.6908836, 10.5009003, 
10.350915, 10.319047, 10.3182658, 10.35185, 10.35821, 10.4041, 10.45671, 10.47156, 10.47469, 10.51225, 10.52115, 10.52639, 10.53039, 10.53896, 10.54621, 10.55823, 10.5723, 10.59253, 10.60633, 10.61296, 10.6252, 10.63601, 10.6362684, 10.65121, 10.6515109, 10.67709, 10.72197, 10.75068, 10.76451, 10.78031, 10.78085, 10.82286, 10.83816, 10.85429, 10.86128, 10.87149, 10.8831, 10.91373, 10.94796, 10.9842475, 10.997431, 11.0447799, 11.4619906, 11.4681658, 11.4689159, 11.4708328, 11.4691181, 11.4634657, 
11.4614897, 11.4622717, 11.4629521, 11.4655142, 11.4694052, 11.4807673, 11.4832315, 11.4868622, 11.4896612, 11.4897496, 11.4904432, 11.4851856, 11.4793224, 11.467762)), list(c(43.3599548, 43.3386154, 43.3349991, 43.3562813, 43.3596992, 43.3637924, 43.3644674, 43.367466, 43.3625488, 43.3600182, 43.3599548, 11.4642134, 11.447711, 11.4476337, 11.4668102, 11.4757986, 11.4955025, 11.495025, 11.4929037, 11.4696178, 11.4643454, 11.4642134)), list(c(43.4562676, 43.4559937, 43.4513931, 43.4503899, 43.4521217, 
43.4591675, 43.4596165, 43.4646988, 43.4663849, 43.4562676, 11.4944382, 11.4940443, 11.4911861, 11.4943838, 11.5003986, 11.5085955, 11.5088292, 11.5114746, 11.5089817, 11.4944382))),24
"5",1201,0.00682557002294988,0.0057194768289694,"SO1201","SO","SO12","Hargeysa",13768.4224680092,947606,0.443351629319704,0.405982142525084,420122.664053128,0.390500247385658,0.394544432859446,0.407225345430513,list(list(c(44.6909637, 44.6909637, 44.6909542, 44.5869, 44.55684, 44.52569, 44.52008, 44.50245, 44.46691, 44.44437, 44.37903, 44.34656, 44.32072, 44.27071, 44.25284, 44.23446, 44.22587, 44.17962, 44.10496, 44.03842, 44.03379, 44.00586, 43.98879, 43.98564, 43.89731, 43.88562, 43.88428, 43.87187, 43.80928, 43.79698, 43.76982, 43.7656, 43.70756, 43.66749, 43.66556, 43.66324, 43.65681, 43.64669, 43.60727, 43.60154, 43.59387, 43.56561, 43.5554269, 43.5564232, 43.5709419, 43.9309502, 44.100956, 44.0409546, 
44.150959, 44.230957, 44.7309685, 44.8976822, 44.8709717, 44.8309708, 44.6909637, 9.3110027, 8.7731457, 8.7717828, 8.80591, 8.81575, 8.82669, 8.8305, 8.83456, 8.84602, 8.85329, 8.87647, 8.88612, 8.89379, 8.91149, 8.91575, 8.92254, 8.925, 8.93829, 8.96349, 8.98593, 8.98606, 8.99656, 9.01077, 9.01339, 9.10044, 9.11366, 9.11526, 9.13015, 9.19438, 9.20695, 9.23471, 9.23715, 9.29647, 9.33739, 9.34103, 9.34167, 9.35004, 9.35833, 9.35892, 9.35901, 9.36069, 9.37274, 9.3754961, 9.376482, 9.3909988, 9.8609552, 
10.1309309, 10.170927, 10.3209133, 10.2809172, 9.9509449, 9.9411392, 9.9109478, 9.8609524, 9.3110027))),251
"6",1202,0.00795045832828375,0.00732462933017127,"SO1202","SO","SO12","Berbera",10300.7410366417,172157,0.507938832051939,0.505944612246371,87445.2255095657,0.455087450117892,0.452021432123143,0.454933965629864,list(list(c(45.8593903, 45.8622513, 45.8657761, 45.8734474, 45.8837662, 45.8843919, 45.8853569, 45.882843, 45.8684311, 45.8648758, 45.8655281, 45.866364, 45.8785515, 45.9119987, 45.9553909, 45.9746246, 45.9949112, 46.0230637, 46.0313533, 46.010994, 45.9074631, 45.9009933, 45.100975, 44.8976822, 44.7309685, 44.230957, 44.150959, 44.236595, 44.2582436, 44.2881813, 44.3202629, 44.3567314, 44.3665581, 44.4103966, 44.4476128, 44.4815559, 44.5097694, 44.5228577, 44.5412254, 44.5545692, 44.5645828, 44.594471, 
44.6060371, 44.6156235, 44.6225357, 44.6382713, 44.6524735, 44.6587029, 44.6977997, 44.7163544, 44.7257652, 44.752182, 44.7596474, 44.7620049, 44.7766304, 44.783165, 44.7940674, 44.7981911, 44.8016701, 44.8084602, 44.8212013, 44.8274841, 44.8434029, 44.862236, 44.8806267, 44.8815765, 44.8831825, 44.9198494, 44.9434891, 44.9610329, 44.995594, 45, 45.0017815, 45.0018623, 45.0053825, 45.0041695, 45, 44.9925575, 44.9861336, 44.9853973, 44.9831238, 44.9823875, 44.9855537, 44.9860849, 45, 45.0051804, 45.0233765, 
45.0478668, 45.06464, 45.0650121, 45.0741882, 45.0750854, 45.0824356, 45.0847511, 45.0879707, 45.1294403, 45.1446877, 45.1630859, 45.1850243, 45.2108879, 45.2332535, 45.2424355, 45.242915, 45.256382, 45.2697945, 45.2837982, 45.2965775, 45.3244514, 45.3246966, 45.3390465, 45.3602257, 45.391716, 45.3953171, 45.4060326, 45.4218025, 45.4401741, 45.4606018, 45.4668312, 45.4673382, 45.4800644, 45.4804976, 45.4906921, 45.5090828, 45.5143585, 45.51828, 45.5190115, 45.5329361, 45.5331433, 45.5553894, 45.5648384, 
45.5719681, 45.5720591, 45.5767021, 45.5838013, 45.591568, 45.5923996, 45.5972137, 45.5973052, 45.6181335, 45.6315537, 45.6583481, 45.6710815, 45.6814651, 45.7051811, 45.715538, 45.7555885, 45.7583466, 45.7583663, 45.7678719, 45.7738228, 45.7742731, 45.7802887, 45.7913475, 45.8018875, 45.8074112, 45.8102036, 45.8198586, 45.8405075, 45.8545456, 45.8578644, 45.8593903, 10.8252077, 10.8199587, 10.8172445, 10.8173437, 10.8110399, 10.8121331, 10.8138189, 10.8183861, 10.8273926, 10.8321743, 10.8356304, 
10.8356411, 10.8357973, 10.8215132, 10.79356, 10.7811584, 10.7768145, 10.7755528, 10.7730608, 10.0809298, 10.0997477, 10.1009283, 10.1709242, 9.9411392, 9.9509449, 10.2809172, 10.3209133, 10.4731234, 10.4542685, 10.4313803, 10.4177227, 10.4048138, 10.4013348, 10.3917894, 10.4009647, 10.399045, 10.3928823, 10.3882875, 10.3870039, 10.3810329, 10.3796005, 10.3833418, 10.3826628, 10.3821011, 10.3852081, 10.3882389, 10.3990564, 10.4014626, 10.4099474, 10.4111824, 10.4175482, 10.4209833, 10.4190407, 10.4170122, 
10.4172573, 10.4155293, 10.4161711, 10.4194574, 10.4197454, 10.4166412, 10.4184628, 10.4176474, 10.410327, 10.409029, 10.4063435, 10.4052095, 10.4063864, 10.4079046, 10.4108171, 10.4170761, 10.4334898, 10.4371614, 10.4386454, 10.4388014, 10.4455976, 10.4485645, 10.4496441, 10.4486103, 10.4436808, 10.4435558, 10.4431725, 10.4456892, 10.4507961, 10.450985, 10.4559326, 10.4577751, 10.4670286, 10.4750023, 10.4860687, 10.4865671, 10.4988604, 10.4996496, 10.506115, 10.506381, 10.5084991, 10.5155821, 10.520875, 
10.53265, 10.5410318, 10.5510798, 10.5619926, 10.569026, 10.5695312, 10.5837164, 10.6025352, 10.6163273, 10.6289091, 10.6601229, 10.6601728, 10.6630964, 10.6613398, 10.6618004, 10.6618528, 10.6603975, 10.6626968, 10.6622705, 10.6639452, 10.6670227, 10.667664, 10.6837606, 10.6839448, 10.6882782, 10.6906824, 10.6913719, 10.6932659, 10.6940219, 10.7084131, 10.7084754, 10.7151632, 10.7208118, 10.7261972, 10.726393, 10.7363768, 10.7438307, 10.7586794, 10.7602692, 10.7649326, 10.7649349, 10.7654495, 10.7702322, 
10.7827806, 10.7868614, 10.7925177, 10.8093872, 10.817112, 10.830287, 10.8326225, 10.8326595, 10.8504467, 10.8574209, 10.857651, 10.8607244, 10.8619289, 10.8630772, 10.8675175, 10.8673229, 10.8587141, 10.8454208, 10.8393965, 10.8348417, 10.8252077))),251
"7",1203,0.0303773082628244,0.0149125332508502,"SO1203","SO","SO12","Gebiley",4295.01854484815,192183,0.636276673363528,0.534220827009291,122281.559917023,0.583425291429481,0.566230961232989,0.501095533704355,list(list(c(43.5709419, 43.5564232, 43.5554269, 43.53487, 43.51992, 43.49137, 43.48915, 43.4683, 43.44552, 43.43223, 43.41729, 43.41371, 43.41026, 43.40488, 43.39824, 43.37518, 43.37132, 43.36067, 43.34155, 43.34062, 43.32478, 43.3069, 43.2992, 43.2896498, 43.2905197, 43.3109398, 43.3709373, 43.530941, 43.7209511, 43.7609482, 43.8209496, 44.0409546, 44.100956, 43.9309502, 43.5709419, 9.3909988, 9.376482, 9.3754961, 9.38106, 9.38718, 9.40152, 9.40325, 9.41941, 9.44489, 9.4708, 9.50458, 9.51268, 9.53283, 
9.54582, 9.55279, 9.56907, 9.57611, 9.58622, 9.5986, 9.60029, 9.60613, 9.60827, 9.61109, 9.6571929, 9.6585035, 9.6909714, 9.8009624, 9.9909449, 10.2609205, 10.3009167, 10.2909174, 10.170927, 10.1309309, 9.8609552, 9.3909988))),48
"8",1301,0.0063991731942955,0.00681217678756333,"SO1301","SO","SO13","Burco",16145.9331700736,471681,0.397057496963861,0.419417855991467,187284.477225411,0.406918359362756,0.406936028411171,0.403142314899065,list(list(c(46.010994, 46.049427, 46.1509972, 46.2209969, 46.1909943, 46.2509956, 46.2509956, 46.2509981, 46.23938, 46.21185, 46.19337, 46.18941, 46.15006, 46.11374, 46.09913, 46.08851, 46.06907, 46.06072, 46.05171, 46.03042, 45.92695, 45.91164, 45.91029, 45.89476, 45.82895, 45.79031, 45.76573, 45.67032, 45.66517, 45.65615, 45.61164, 45.55018, 45.52914, 45.51341, 45.49415, 45.48166, 45.42935, 45.30902, 45.2909793, 45.2909775, 45.2909775, 45.2809753, 45.2809792, 45.8509903, 45.8009872, 45.8309937, 
45.8942413, 45.9074631, 46.010994, 10.0809298, 10.0503721, 9.4409857, 9.0010262, 8.8210421, 8.2710924, 8.2566767, 8.255231, 8.2593, 8.26794, 8.27187, 8.27503, 8.28795, 8.29987, 8.30727, 8.30807, 8.31472, 8.31899, 8.32049, 8.32724, 8.36006, 8.36676, 8.36709, 8.37091, 8.39533, 8.40747, 8.41518, 8.44813, 8.44991, 8.45117, 8.46779, 8.48782, 8.49467, 8.49813, 8.50567, 8.50802, 8.52536, 8.5652, 8.5711667, 8.5725565, 8.6010647, 9.4109917, 9.8709507, 9.7809563, 9.9209442, 10.0309343, 10.0878487, 10.0997477, 
10.0809298))),203
"9",1302,0.0206322506488986,0.0146407539630712,"SO1302","SO","SO13","Buuhoodle",6823.86121144698,88269,0.51538596239113,0.589822391679801,45492.6035143027,0.525246824790025,0.528208428849801,0.532360748296128,list(list(c(47.0127754, 47.0125848, 46.9897, 46.98967, 46.98779, 46.91863, 46.88931, 46.8681, 46.76314, 46.75021, 46.74849, 46.62908, 46.61545, 46.5877, 46.57913, 46.52413, 46.50921, 46.48412, 46.48063, 46.45614, 46.4508, 46.38991, 46.34628, 46.32983, 46.29399, 46.26996, 46.2509981, 46.2509956, 46.2509956, 46.1909943, 46.9210052, 46.9210052, 47.0010109, 47.1010094, 47.0127754, 8.0011148, 8, 8, 8.00306, 8.00374, 8.0288, 8.03703, 8.04456, 8.08177, 8.08509, 8.0857, 8.12776, 8.1313, 8.14158, 8.14608, 
8.16229, 8.16761, 8.17656, 8.17928, 8.18545, 8.18884, 8.20838, 8.22238, 8.22955, 8.24017, 8.24859, 8.255231, 8.2566767, 8.2710924, 8.8210421, 8.7826223, 8.7610464, 8.7510462, 8.5610638, 8.0011148))),60
"10",1303,0.0501985171721879,0.022830607497182,"SO1303","SO","SO13","Owdweyne",8392.74618453498,88793,0.361263737437491,0.273188809006229,32077.6910382872,0.371124599836386,0.370251743502955,0.37981827419091,list(list(c(45.2909775, 45.2909775, 45.2909793, 45.25768, 45.23892, 45.18828, 45.12315, 45.10109, 45.06825, 45.00157, 45, 44.9911, 44.94807, 44.86693, 44.83078, 44.80491, 44.79287, 44.781, 44.70735, 44.69203, 44.6909542, 44.6909637, 44.6909637, 44.8309708, 44.8709717, 44.8976822, 44.9009743, 45.2809792, 45.2809753, 45.2909775, 8.6010647, 8.5725565, 8.5711667, 8.58218, 8.58673, 8.60365, 8.6254, 8.63401, 8.64435, 8.66531, 8.66607, 8.67043, 8.68439, 8.7107, 8.71989, 8.73288, 8.73498, 8.7403, 8.76608, 
8.77143, 8.7717828, 8.7731457, 9.3110027, 9.8609524, 9.9109478, 9.9411392, 9.9409447, 9.8709507, 9.4109917, 8.6010647))),36
"11",1304,0.0263946602469551,0.0178028771267123,"SO1304","SO","SO13","Sheikh",2974.48866242893,114871,0.329078541618804,0.29113967604909,37801.5811542936,0.338939404017699,0.337265801012907,0.342258014352396,list(list(c(45.9009933, 45.9074631, 45.8942413, 45.8309937, 45.8009872, 45.8509903, 45.2809792, 44.9009743, 44.8976822, 45.100975, 45.9009933, 10.1009283, 10.0997477, 10.0878487, 10.0309343, 9.9209442, 9.7809563, 9.8709507, 9.9409447, 9.9411392, 10.1709242, 10.1009283))),48
"12",1401,0.00723742160331353,0.00680317284027037,"SO1401","SO","SO14","Laas Caanood",11615.8588527185,239391,0.416581730700219,0.4178359059633,99725.9170940561,0.404428141444262,0.405631333544385,0.411794956237621,list(list(c(47.9210243, 47.9199093, 47.0125848, 47.0127754, 47.1010094, 47.0010109, 46.9210052, 46.9210052, 46.9210091, 46.920639, 48.0410309, 48.5610428, 48.0510292, 48.131031, 47.9410248, 47.9210243, 8.001112, 8, 8, 8.0011148, 8.5610638, 8.7510462, 8.7610464, 8.7826223, 8.8210402, 8.8432808, 8.7810402, 8.7810392, 8.2410898, 8.2110929, 8.0211105, 8.001112))),235
"13",1402,0.0649460685217424,0.0309553656337,"SO1402","SO","SO14","Caynabo",8103.60248757312,87176,0.352371102010064,0.38274839194839,30718.3031888294,0.340217512754107,0.343108565444279,0.333947800336812,list(list(c(46.841011, 46.9110107, 46.920639, 46.9210091, 46.9210052, 46.1909943, 46.2209969, 46.1509972, 46.049427, 46.0556068, 46.0579567, 46.0603065, 46.0618668, 46.0642166, 46.0665665, 46.0689163, 46.0704765, 46.0728264, 46.0751762, 46.0775261, 46.0790863, 46.0814362, 46.083786, 46.0861359, 46.0876961, 46.0900459, 46.0923958, 46.0947456, 46.0963058, 46.0986557, 46.1010056, 46.1033554, 46.1049156, 46.1072655, 46.1096153, 46.1119652, 46.1135254, 46.1158752, 46.1182251, 46.120575, 46.1221352, 46.124485, 
46.1268349, 46.1291847, 46.1307449, 46.1330948, 46.1354446, 46.1377945, 46.1393547, 46.1417046, 46.1440544, 46.1463966, 46.1479645, 46.1503143, 46.1526642, 46.1550064, 46.1565742, 46.1589241, 46.161274, 46.1636162, 46.165184, 46.1675339, 46.1698875, 46.172226, 46.1737938, 46.1761475, 46.1784973, 46.1808357, 46.1824112, 46.184761, 46.1871109, 46.1894493, 46.191021, 46.1933708, 46.1957207, 46.1980591, 46.1996307, 46.2019806, 46.2043304, 46.2066689, 46.2082405, 46.2105904, 46.2129402, 46.2152786, 46.2168503, 
46.2192001, 46.22155, 46.2238884, 46.2254601, 46.2278099, 46.2301598, 46.2324982, 46.2340698, 46.2364197, 46.2387695, 46.2411079, 46.2426796, 46.2450294, 46.2473793, 46.2497177, 46.2512894, 46.2536392, 46.2559891, 46.2583313, 46.2598991, 46.262249, 46.2645988, 46.2669411, 46.2685089, 46.2708588, 46.2732086, 46.2755508, 46.2771187, 46.2794685, 46.2818184, 46.2841606, 46.2857285, 46.2880783, 46.2904205, 46.2927704, 46.2943382, 46.2966805, 46.2990303, 46.3013802, 46.302948, 46.3052902, 46.3076401, 46.3099899, 
46.3115578, 46.3139, 46.3162498, 46.3185997, 46.3201714, 46.3225098, 46.3248596, 46.3272095, 46.3287811, 46.3311195, 46.3334694, 46.3358192, 46.3373909, 46.3397293, 46.3420792, 46.344429, 46.3460007, 46.3483391, 46.3506889, 46.3530388, 46.3546104, 46.3569489, 46.3592987, 46.3616486, 46.3632202, 46.3655586, 46.3679085, 46.3702583, 46.37183, 46.3741684, 46.3765183, 46.3788681, 46.3804398, 46.3827782, 46.385128, 46.3874779, 46.3890495, 46.3913879, 46.3937378, 46.3960876, 46.3976593, 46.4000015, 46.4023514, 
46.404705, 46.4062729, 46.4086151, 46.410965, 46.4133148, 46.4148827, 46.4172249, 46.4195747, 46.4219246, 46.4234924, 46.4258347, 46.4281845, 46.4305344, 46.4328842, 46.4352226, 46.4367943, 46.4391441, 46.441494, 46.4438324, 46.4454041, 46.4477539, 46.4501038, 46.4524422, 46.4540138, 46.4563637, 46.4587135, 46.4610519, 46.4626236, 46.4649735, 46.4673233, 46.4696617, 46.4712334, 46.4735832, 46.4759331, 46.4782715, 46.4798431, 46.482193, 46.4845428, 46.4868851, 46.4884529, 46.4908028, 46.4931526, 46.4954948, 
46.4970627, 46.4994125, 46.5017624, 46.5041046, 46.5056725, 46.5080223, 46.5103722, 46.5127144, 46.5142822, 46.5166321, 46.5189743, 46.5213242, 46.522892, 46.5252342, 46.5275841, 46.5299339, 46.5315018, 46.533844, 46.5361938, 46.5385437, 46.5401115, 46.5424538, 46.5448036, 46.5471535, 46.5487251, 46.5510635, 46.5534134, 46.5557632, 46.5573349, 46.5596733, 46.5620232, 46.564373, 46.5659447, 46.5682831, 46.5706329, 46.5729828, 46.5745544, 46.5768929, 46.5792427, 46.5815926, 46.5831642, 46.5855026, 
46.5878525, 46.5902023, 46.591774, 46.5941124, 46.5964623, 46.5988121, 46.6003838, 46.6027222, 46.605072, 46.6074219, 46.6089935, 46.6113319, 46.6136818, 46.6160316, 46.6176071, 46.6199455, 46.6222954, 46.6246452, 46.6262169, 46.6285553, 46.630909, 46.6332588, 46.6348267, 46.6371689, 46.6395187, 46.6418686, 46.6434364, 46.6457787, 46.6481285, 46.6504784, 46.6520462, 46.6543884, 46.6567383, 46.6590881, 46.660656, 46.6629982, 46.6653481, 46.6676979, 46.6692581, 46.671608, 46.6739578, 46.6763077, 46.6778679, 
46.6802177, 46.6825676, 46.6849175, 46.6864777, 46.6888275, 46.6911774, 46.6935272, 46.6950874, 46.6974373, 46.6997871, 46.702137, 46.7036972, 46.7060471, 46.7083969, 46.7107468, 46.712307, 46.7146568, 46.7170067, 46.7193565, 46.7209167, 46.7232666, 46.7256165, 46.7279663, 46.7295265, 46.7318764, 46.7342262, 46.7365761, 46.7381363, 46.7404861, 46.742836, 46.7451782, 46.7467461, 46.7490959, 46.7514458, 46.753788, 46.7553558, 46.7577057, 46.7600555, 46.7623978, 46.7639656, 46.7663155, 46.7678871, 46.7702255, 
46.7717972, 46.774147, 46.7762756, 46.7779388, 46.780117, 46.7823067, 46.7844963, 46.7866859, 46.788868, 46.7910576, 46.7932358, 46.7954254, 46.7976189, 46.841011, 9.4209862, 9.4309855, 8.8432808, 8.8210402, 8.7826223, 8.8210421, 9.0010262, 9.4409857, 10.0503721, 10.0454531, 10.0435925, 10.0417223, 10.040473, 10.0386133, 10.0367441, 10.034874, 10.0336332, 10.031764, 10.0298939, 10.0280333, 10.0267849, 10.0249243, 10.0230551, 10.0211849, 10.0199347, 10.018075, 10.0162058, 10.0143356, 10.0130959, 10.0112257, 
10.0093555, 10.0074959, 10.0062456, 10.0043869, 10.0025167, 10.0006485, 9.999402, 9.9975367, 9.9956694, 9.9938049, 9.9925575, 9.9906912, 9.9888239, 9.9869576, 9.9857111, 9.9838457, 9.9819784, 9.9801121, 9.9788656, 9.9770002, 9.975132, 9.9732656, 9.9720192, 9.9701548, 9.9682865, 9.9664202, 9.9651737, 9.9633083, 9.9614401, 9.9595747, 9.9583292, 9.9564629, 9.9545946, 9.9527283, 9.9514828, 9.9496174, 9.9477501, 9.9458838, 9.9446373, 9.942771, 9.9409037, 9.9390373, 9.9377918, 9.9359255, 9.9340582, 9.9321918, 
9.9309454, 9.92908, 9.9272127, 9.9253464, 9.9240999, 9.9222345, 9.9203663, 9.9184999, 9.9172535, 9.9153891, 9.9135208, 9.9116545, 9.910408, 9.9085417, 9.9066744, 9.904809, 9.9035635, 9.9016972, 9.8998289, 9.8979616, 9.8967171, 9.8948507, 9.8929844, 9.8911171, 9.8898716, 9.8880053, 9.886138, 9.8842716, 9.8830261, 9.8811598, 9.8792915, 9.8774261, 9.8761797, 9.8743143, 9.8724461, 9.8705807, 9.8693342, 9.8674688, 9.8656006, 9.8637342, 9.8624878, 9.8606234, 9.8587551, 9.8568888, 9.8556433, 9.8537769, 
9.8519087, 9.8500423, 9.8487978, 9.8469315, 9.8450642, 9.8431969, 9.8419523, 9.840085, 9.8382187, 9.8363523, 9.8351059, 9.8332396, 9.8313723, 9.8295059, 9.8282595, 9.826395, 9.8245268, 9.8226604, 9.821414, 9.8195486, 9.8176804, 9.815815, 9.8145685, 9.8127031, 9.8108349, 9.8089685, 9.8077221, 9.8058567, 9.8039894, 9.8021231, 9.8008776, 9.7990112, 9.797143, 9.7952766, 9.7940321, 9.7921658, 9.7902985, 9.7884312, 9.7871857, 9.7853193, 9.783452, 9.7815866, 9.7803402, 9.7784739, 9.7766066, 9.7747402, 9.7734938, 
9.7716293, 9.7697611, 9.7678947, 9.7666483, 9.7647829, 9.7629147, 9.7610483, 9.7598028, 9.7579374, 9.7560692, 9.7542028, 9.7529564, 9.751092, 9.7492237, 9.7473574, 9.7454901, 9.7436228, 9.7423773, 9.74051, 9.7386446, 9.7367783, 9.7355318, 9.7336655, 9.7317982, 9.7299318, 9.7286854, 9.7268209, 9.7249527, 9.7230864, 9.7218399, 9.7199745, 9.7181063, 9.7162409, 9.7149944, 9.713129, 9.7112598, 9.7093945, 9.708148, 9.7062826, 9.7044153, 9.702549, 9.7013035, 9.6994371, 9.6975689, 9.6957026, 9.694458, 9.6925917, 
9.6907244, 9.6888571, 9.6876116, 9.6857452, 9.6838779, 9.6820126, 9.6807661, 9.6788998, 9.6770325, 9.6751661, 9.6739206, 9.6720552, 9.670187, 9.6683207, 9.6670742, 9.6652088, 9.6633406, 9.6614742, 9.6602287, 9.6583633, 9.6564951, 9.6546288, 9.6533823, 9.6515169, 9.6496496, 9.6477833, 9.6465378, 9.6446714, 9.6428032, 9.6409369, 9.6396914, 9.637826, 9.6359587, 9.6340923, 9.6328459, 9.6309795, 9.6291122, 9.6272469, 9.6260004, 9.624135, 9.6222668, 9.6203995, 9.619154, 9.6172886, 9.6154213, 9.613555, 
9.6123085, 9.6104431, 9.6085749, 9.6067085, 9.605463, 9.6035976, 9.6017294, 9.5998631, 9.5986176, 9.5967512, 9.5948839, 9.5930176, 9.5917721, 9.5899057, 9.5880384, 9.5861712, 9.5849257, 9.5830612, 9.581193, 9.5793266, 9.5780802, 9.5762138, 9.5743465, 9.5724812, 9.5712347, 9.5693693, 9.5675011, 9.5656347, 9.5643883, 9.5625229, 9.5606556, 9.5587893, 9.5575428, 9.5556774, 9.5538101, 9.5519428, 9.5506973, 9.5488319, 9.5469637, 9.5450974, 9.5438519, 9.5419855, 9.5401173, 9.5382519, 9.5370064, 9.53514, 
9.5332727, 9.5314054, 9.53016, 9.5282946, 9.5264273, 9.5245609, 9.5233145, 9.5214481, 9.5195808, 9.5177145, 9.516469, 9.5146036, 9.5127354, 9.510869, 9.5096226, 9.5077572, 9.5058899, 9.5040236, 9.5027771, 9.5009117, 9.4990435, 9.4971771, 9.4959307, 9.4940662, 9.492198, 9.4903317, 9.4890862, 9.4872198, 9.4853516, 9.4834862, 9.4822407, 9.4803743, 9.4791298, 9.4772625, 9.476016, 9.4741507, 9.472456, 9.4711361, 9.4693975, 9.467659, 9.4659204, 9.4641809, 9.4624424, 9.4607048, 9.4589663, 9.4572277, 9.4554882, 
9.4209862))),36
"14",1403,0.0705283173073182,0.0241356367407066,"SO1403","SO","SO14","Taleex",8624.90774069345,84131,0.578788631524045,0.795159653703028,48694.0663587494,0.566635042268088,0.563574413238917,0.555194174159246,list(list(c(49.0610542, 49.0811119, 48.7310448, 48.5610428, 48.0410309, 48.0795136, 48.5610428, 48.5794754, 49.0610542, 9.5709658, 9.1405296, 8.7810383, 8.7810392, 8.7810402, 9.5024538, 9.5409708, 9.5420752, 9.5709658))),24
"15",1501,0.0111518285133085,0.0103233438954549,"SO1501","SO","SO15","Ceerigaabo",26072.7565977832,160748,0.384360852639829,0.388482035309616,61785.2383401472,0.416941383273186,0.422278816144518,0.40331282835933,list(list(c(47.5063438, 47.5354767, 47.5487709, 47.5574265, 47.5643272, 47.576889, 47.5963058, 47.6103249, 47.6264801, 47.6418991, 47.6664543, 47.6697998, 47.6743927, 47.6844101, 47.6997681, 47.7204552, 47.7641068, 47.7923393, 47.8022232, 47.8183174, 47.8446426, 47.8642235, 47.8812141, 47.9101096, 47.9810371, 48.3810463, 48.4310455, 48.4810448, 48.5810471, 48.6110458, 48.5794754, 48.5610428, 48.0795136, 48.0610352, 47.4919014, 47.100914, 47.3610229, 47.3810234, 47.011013, 46.9410133, 46.8010101, 
46.78785, 46.8001556, 46.8076401, 46.8082579, 46.8156891, 46.8160223, 46.8277512, 46.8344536, 46.834643, 46.8394814, 46.8457031, 46.8458265, 46.8621788, 46.8705101, 46.8709833, 46.8803902, 46.8810526, 46.888485, 46.8887644, 46.897892, 46.9008865, 46.9011216, 46.9101677, 46.9213257, 46.9264107, 46.9265802, 46.9337273, 46.934473, 46.937664, 46.955822, 46.9625511, 46.963493, 46.9722404, 46.9723086, 46.9847755, 46.9928703, 46.9933557, 46.9983978, 47.0025864, 47.0080261, 47.01194, 47.012484, 47.0172615, 
47.0307579, 47.0502777, 47.0627594, 47.0829773, 47.099659, 47.1002136, 47.1074944, 47.1087875, 47.1126518, 47.1186295, 47.1195909, 47.1422043, 47.1422284, 47.1447105, 47.1460075, 47.1503983, 47.1504562, 47.1940498, 47.2179298, 47.2387886, 47.2394427, 47.2563362, 47.2565628, 47.2760925, 47.2941704, 47.3072433, 47.3095055, 47.3340797, 47.3552055, 47.378212, 47.3923378, 47.4032707, 47.4220886, 47.4430275, 47.4456291, 47.4560661, 47.4609489, 47.4740028, 47.4909782, 47.5063438, 11.1810484, 11.1778011, 
11.174674, 11.169446, 11.1627264, 11.1504993, 11.1375275, 11.1302643, 11.1177292, 11.1097841, 11.0936222, 11.0921917, 11.0902252, 11.0891399, 11.0896959, 11.0946522, 11.1119289, 11.1194191, 11.1220398, 11.116848, 11.1140127, 11.1102171, 11.1110029, 11.1206236, 11.0408373, 10.7208653, 10.6508703, 10.6208735, 10.5308809, 10.5208826, 9.5420752, 9.5409708, 9.5024538, 9.5009756, 9.4664888, 9.4427948, 9.9109402, 10.1709175, 10.5608835, 10.6308775, 10.790864, 10.8105882, 10.8156967, 10.8188028, 10.8194967, 
10.8278427, 10.8279348, 10.8311749, 10.8353748, 10.8357144, 10.8443861, 10.8501902, 10.8502206, 10.8542519, 10.8584652, 10.859053, 10.870739, 10.8711588, 10.8758698, 10.8762616, 10.8890572, 10.8920727, 10.8921389, 10.8946857, 10.8954763, 10.8987408, 10.8990511, 10.912138, 10.9124931, 10.9140129, 10.912796, 10.9146957, 10.9155307, 10.9232845, 10.9233026, 10.9266148, 10.9317436, 10.9322525, 10.9375381, 10.944375, 10.9532518, 10.957654, 10.9579641, 10.9606876, 10.9605761, 10.9635029, 10.9728041, 10.9757338, 
10.9836903, 10.9843148, 10.9925127, 10.997941, 11.0141401, 11.0224648, 11.0232227, 11.041049, 11.041109, 11.0472755, 11.0587797, 11.0624933, 11.0625137, 11.0778561, 11.086257, 11.0969973, 11.097645, 11.1143751, 11.1144217, 11.1184368, 11.128231, 11.1314669, 11.1320267, 11.1450863, 11.1530609, 11.1585197, 11.1682777, 11.1697378, 11.1753922, 11.17309, 11.1728029, 11.1781635, 11.1791191, 11.1773729, 11.1807108, 11.1810484))),156
"16",1502,0.0462855360824303,0.0349538839973612,"SO1502","SO","SO15","Ceel Afweyn",15735.1429426001,84258,0.589027766691695,0.675076900948935,49630.3015659088,0.621608297325053,0.647136528828284,0.687366850243,list(list(c(46.78785, 46.8010101, 46.9410133, 47.011013, 47.3810234, 47.3610229, 47.100914, 47.0710144, 46.9110107, 46.841011, 46.7976189, 46.7954254, 46.7932358, 46.7910576, 46.788868, 46.7866859, 46.7844963, 46.7823067, 46.780117, 46.7779388, 46.7762756, 46.774147, 46.7717972, 46.7702255, 46.7678871, 46.7663155, 46.7639656, 46.7623978, 46.7600555, 46.7577057, 46.7553558, 46.753788, 46.7514458, 46.7490959, 46.7467461, 46.7451782, 46.742836, 46.7404861, 46.7381363, 46.7365761, 46.7342262, 46.7318764, 
46.7295265, 46.7279663, 46.7256165, 46.7232666, 46.7209167, 46.7193565, 46.7170067, 46.7146568, 46.712307, 46.7107468, 46.7083969, 46.7060471, 46.7036972, 46.702137, 46.6997871, 46.6974373, 46.6950874, 46.6935272, 46.6911774, 46.6888275, 46.6864777, 46.6849175, 46.6825676, 46.6802177, 46.6778679, 46.6763077, 46.6739578, 46.671608, 46.6692581, 46.6676979, 46.6653481, 46.6629982, 46.660656, 46.6590881, 46.6567383, 46.6543884, 46.6520462, 46.6504784, 46.6481285, 46.6457787, 46.6434364, 46.6418686, 46.6395187, 
46.6371689, 46.6348267, 46.6332588, 46.630909, 46.6285553, 46.6262169, 46.6246452, 46.6222954, 46.6199455, 46.6176071, 46.6160316, 46.6136818, 46.6113319, 46.6089935, 46.6074219, 46.605072, 46.6027222, 46.6003838, 46.5988121, 46.5964623, 46.5941124, 46.591774, 46.5902023, 46.5878525, 46.5855026, 46.5831642, 46.5815926, 46.5792427, 46.5768929, 46.5745544, 46.5729828, 46.5706329, 46.5682831, 46.5659447, 46.564373, 46.5620232, 46.5596733, 46.5573349, 46.5557632, 46.5534134, 46.5510635, 46.5487251, 46.5471535, 
46.5448036, 46.5424538, 46.5401115, 46.5385437, 46.5361938, 46.533844, 46.5315018, 46.5299339, 46.5275841, 46.5252342, 46.522892, 46.5213242, 46.5189743, 46.5166321, 46.5142822, 46.5127144, 46.5103722, 46.5080223, 46.5056725, 46.5041046, 46.5017624, 46.4994125, 46.4970627, 46.4954948, 46.4931526, 46.4908028, 46.4884529, 46.4868851, 46.4845428, 46.482193, 46.4798431, 46.4782715, 46.4759331, 46.4735832, 46.4712334, 46.4696617, 46.4673233, 46.4649735, 46.4626236, 46.4610519, 46.4587135, 46.4563637, 
46.4540138, 46.4524422, 46.4501038, 46.4477539, 46.4454041, 46.4438324, 46.441494, 46.4391441, 46.4367943, 46.4352226, 46.4328842, 46.4305344, 46.4281845, 46.4258347, 46.4234924, 46.4219246, 46.4195747, 46.4172249, 46.4148827, 46.4133148, 46.410965, 46.4086151, 46.4062729, 46.404705, 46.4023514, 46.4000015, 46.3976593, 46.3960876, 46.3937378, 46.3913879, 46.3890495, 46.3874779, 46.385128, 46.3827782, 46.3804398, 46.3788681, 46.3765183, 46.3741684, 46.37183, 46.3702583, 46.3679085, 46.3655586, 46.3632202, 
46.3616486, 46.3592987, 46.3569489, 46.3546104, 46.3530388, 46.3506889, 46.3483391, 46.3460007, 46.344429, 46.3420792, 46.3397293, 46.3373909, 46.3358192, 46.3334694, 46.3311195, 46.3287811, 46.3272095, 46.3248596, 46.3225098, 46.3201714, 46.3185997, 46.3162498, 46.3139, 46.3115578, 46.3099899, 46.3076401, 46.3052902, 46.302948, 46.3013802, 46.2990303, 46.2966805, 46.2943382, 46.2927704, 46.2904205, 46.2880783, 46.2857285, 46.2841606, 46.2818184, 46.2794685, 46.2771187, 46.2755508, 46.2732086, 46.2708588, 
46.2685089, 46.2669411, 46.2645988, 46.262249, 46.2598991, 46.2583313, 46.2559891, 46.2536392, 46.2512894, 46.2497177, 46.2473793, 46.2450294, 46.2426796, 46.2411079, 46.2387695, 46.2364197, 46.2340698, 46.2324982, 46.2301598, 46.2278099, 46.2254601, 46.2238884, 46.22155, 46.2192001, 46.2168503, 46.2152786, 46.2129402, 46.2105904, 46.2082405, 46.2066689, 46.2043304, 46.2019806, 46.1996307, 46.1980591, 46.1957207, 46.1933708, 46.191021, 46.1894493, 46.1871109, 46.184761, 46.1824112, 46.1808357, 46.1784973, 
46.1761475, 46.1737938, 46.172226, 46.1698875, 46.1675339, 46.165184, 46.1636162, 46.161274, 46.1589241, 46.1565742, 46.1550064, 46.1526642, 46.1503143, 46.1479645, 46.1463966, 46.1440544, 46.1417046, 46.1393547, 46.1377945, 46.1354446, 46.1330948, 46.1307449, 46.1291847, 46.1268349, 46.124485, 46.1221352, 46.120575, 46.1182251, 46.1158752, 46.1135254, 46.1119652, 46.1096153, 46.1072655, 46.1049156, 46.1033554, 46.1010056, 46.0986557, 46.0963058, 46.0947456, 46.0923958, 46.0900459, 46.0876961, 46.0861359, 
46.083786, 46.0814362, 46.0790863, 46.0775261, 46.0751762, 46.0728264, 46.0704765, 46.0689163, 46.0665665, 46.0642166, 46.0618668, 46.0603065, 46.0579567, 46.0556068, 46.049427, 46.010994, 46.0313533, 46.0416451, 46.0480385, 46.0969391, 46.1115761, 46.1676369, 46.1686287, 46.2060013, 46.2362328, 46.2453423, 46.2622414, 46.2863503, 46.2919731, 46.2978592, 46.3205338, 46.3447227, 46.352417, 46.3746719, 46.3824081, 46.3980484, 46.4078178, 46.4157295, 46.4496613, 46.4929504, 46.4977226, 46.5188332, 46.5793419, 
46.5883904, 46.6102486, 46.619976, 46.62854, 46.6408463, 46.6667862, 46.6898727, 46.7060966, 46.7068894, 46.7169113, 46.7171332, 46.7227058, 46.7419281, 46.7585869, 46.7711105, 46.771912, 46.7810059, 46.7812722, 46.78785, 10.8105882, 10.790864, 10.6308775, 10.5608835, 10.1709175, 9.9109402, 9.4427948, 9.4409838, 9.4309855, 9.4209862, 9.4554882, 9.4572277, 9.4589663, 9.4607048, 9.4624424, 9.4641809, 9.4659204, 9.467659, 9.4693975, 9.4711361, 9.472456, 9.4741507, 9.476016, 9.4772625, 9.4791298, 9.4803743, 
9.4822407, 9.4834862, 9.4853516, 9.4872198, 9.4890862, 9.4903317, 9.492198, 9.4940662, 9.4959307, 9.4971771, 9.4990435, 9.5009117, 9.5027771, 9.5040236, 9.5058899, 9.5077572, 9.5096226, 9.510869, 9.5127354, 9.5146036, 9.516469, 9.5177145, 9.5195808, 9.5214481, 9.5233145, 9.5245609, 9.5264273, 9.5282946, 9.53016, 9.5314054, 9.5332727, 9.53514, 9.5370064, 9.5382519, 9.5401173, 9.5419855, 9.5438519, 9.5450974, 9.5469637, 9.5488319, 9.5506973, 9.5519428, 9.5538101, 9.5556774, 9.5575428, 9.5587893, 9.5606556, 
9.5625229, 9.5643883, 9.5656347, 9.5675011, 9.5693693, 9.5712347, 9.5724812, 9.5743465, 9.5762138, 9.5780802, 9.5793266, 9.581193, 9.5830612, 9.5849257, 9.5861712, 9.5880384, 9.5899057, 9.5917721, 9.5930176, 9.5948839, 9.5967512, 9.5986176, 9.5998631, 9.6017294, 9.6035976, 9.605463, 9.6067085, 9.6085749, 9.6104431, 9.6123085, 9.613555, 9.6154213, 9.6172886, 9.619154, 9.6203995, 9.6222668, 9.624135, 9.6260004, 9.6272469, 9.6291122, 9.6309795, 9.6328459, 9.6340923, 9.6359587, 9.637826, 9.6396914, 9.6409369, 
9.6428032, 9.6446714, 9.6465378, 9.6477833, 9.6496496, 9.6515169, 9.6533823, 9.6546288, 9.6564951, 9.6583633, 9.6602287, 9.6614742, 9.6633406, 9.6652088, 9.6670742, 9.6683207, 9.670187, 9.6720552, 9.6739206, 9.6751661, 9.6770325, 9.6788998, 9.6807661, 9.6820126, 9.6838779, 9.6857452, 9.6876116, 9.6888571, 9.6907244, 9.6925917, 9.694458, 9.6957026, 9.6975689, 9.6994371, 9.7013035, 9.702549, 9.7044153, 9.7062826, 9.708148, 9.7093945, 9.7112598, 9.713129, 9.7149944, 9.7162409, 9.7181063, 9.7199745, 
9.7218399, 9.7230864, 9.7249527, 9.7268209, 9.7286854, 9.7299318, 9.7317982, 9.7336655, 9.7355318, 9.7367783, 9.7386446, 9.74051, 9.7423773, 9.7436228, 9.7454901, 9.7473574, 9.7492237, 9.751092, 9.7529564, 9.7542028, 9.7560692, 9.7579374, 9.7598028, 9.7610483, 9.7629147, 9.7647829, 9.7666483, 9.7678947, 9.7697611, 9.7716293, 9.7734938, 9.7747402, 9.7766066, 9.7784739, 9.7803402, 9.7815866, 9.783452, 9.7853193, 9.7871857, 9.7884312, 9.7902985, 9.7921658, 9.7940321, 9.7952766, 9.797143, 9.7990112, 
9.8008776, 9.8021231, 9.8039894, 9.8058567, 9.8077221, 9.8089685, 9.8108349, 9.8127031, 9.8145685, 9.815815, 9.8176804, 9.8195486, 9.821414, 9.8226604, 9.8245268, 9.826395, 9.8282595, 9.8295059, 9.8313723, 9.8332396, 9.8351059, 9.8363523, 9.8382187, 9.840085, 9.8419523, 9.8431969, 9.8450642, 9.8469315, 9.8487978, 9.8500423, 9.8519087, 9.8537769, 9.8556433, 9.8568888, 9.8587551, 9.8606234, 9.8624878, 9.8637342, 9.8656006, 9.8674688, 9.8693342, 9.8705807, 9.8724461, 9.8743143, 9.8761797, 9.8774261, 
9.8792915, 9.8811598, 9.8830261, 9.8842716, 9.886138, 9.8880053, 9.8898716, 9.8911171, 9.8929844, 9.8948507, 9.8967171, 9.8979616, 9.8998289, 9.9016972, 9.9035635, 9.904809, 9.9066744, 9.9085417, 9.910408, 9.9116545, 9.9135208, 9.9153891, 9.9172535, 9.9184999, 9.9203663, 9.9222345, 9.9240999, 9.9253464, 9.9272127, 9.92908, 9.9309454, 9.9321918, 9.9340582, 9.9359255, 9.9377918, 9.9390373, 9.9409037, 9.942771, 9.9446373, 9.9458838, 9.9477501, 9.9496174, 9.9514828, 9.9527283, 9.9545946, 9.9564629, 9.9583292, 
9.9595747, 9.9614401, 9.9633083, 9.9651737, 9.9664202, 9.9682865, 9.9701548, 9.9720192, 9.9732656, 9.975132, 9.9770002, 9.9788656, 9.9801121, 9.9819784, 9.9838457, 9.9857111, 9.9869576, 9.9888239, 9.9906912, 9.9925575, 9.9938049, 9.9956694, 9.9975367, 9.999402, 10.0006485, 10.0025167, 10.0043869, 10.0062456, 10.0074959, 10.0093555, 10.0112257, 10.0130959, 10.0143356, 10.0162058, 10.018075, 10.0199347, 10.0211849, 10.0230551, 10.0249243, 10.0267849, 10.0280333, 10.0298939, 10.031764, 10.0336332, 10.034874, 
10.0367441, 10.0386133, 10.040473, 10.0417223, 10.0435925, 10.0454531, 10.0503721, 10.0809298, 10.7730608, 10.7699671, 10.7680445, 10.7624311, 10.763526, 10.775032, 10.7752361, 10.7807302, 10.7803917, 10.7770481, 10.7639112, 10.7506256, 10.7470112, 10.7406445, 10.7105589, 10.6896849, 10.6877022, 10.6874361, 10.6873436, 10.6815395, 10.6816835, 10.6801243, 10.6807213, 10.6965837, 10.6991339, 10.7104177, 10.7257576, 10.727459, 10.7272234, 10.7305403, 10.7343044, 10.7355776, 10.7450314, 10.760891, 10.7658777, 
10.7666774, 10.7767859, 10.7768584, 10.7786818, 10.7859945, 10.7944298, 10.7977686, 10.7985767, 10.8077469, 10.8078575, 10.8105882))),36
"17",1503,0.0184549348038861,0.0164322862543306,"SO1503","SO","SO15","Laasqoray",12222.7713957749,143553,0.117788330840307,0.105168281001442,16908.8682571186,0.150368861473664,0.129408384233898,0.127033081612095,list(list(c(48.6651382, 48.7019386, 48.7161522, 48.7737389, 48.7878304, 48.7935562, 48.8187447, 48.8367081, 48.8579178, 48.8796043, 48.9066505, 48.9191218, 48.9515572, 49.0028076, 49.0310555, 49.0359459, 49.0410576, 49.0610542, 48.5794754, 48.6110458, 48.5810471, 48.4810448, 48.4310455, 48.3810463, 47.9810371, 47.9101096, 47.9135094, 47.9168129, 47.9256058, 47.9405403, 47.9717636, 47.9868736, 48.0076065, 48.0245972, 48.0420341, 48.0583038, 48.0736694, 48.0922165, 48.0927353, 48.0997276, 48.1076622, 
48.1223068, 48.1355934, 48.1534996, 48.1746025, 48.1852798, 48.1855, 48.1908302, 48.201088, 48.2079697, 48.2084863, 48.2235336, 48.223915, 48.2346458, 48.2353285, 48.2416115, 48.288147, 48.3006973, 48.311573, 48.3171844, 48.3174419, 48.3246002, 48.325641, 48.3373642, 48.3373822, 48.3464012, 48.3549881, 48.355207, 48.3601036, 48.3861809, 48.3870011, 48.3931389, 48.3933695, 48.4040794, 48.4190598, 48.4620857, 48.4741898, 48.4872131, 48.5174332, 48.5299988, 48.5402565, 48.5432739, 48.5749741, 48.6040916, 
48.6194534, 48.6459808, 48.6620522, 48.6651382, 11.3213835, 11.3074865, 11.3054562, 11.2906609, 11.2861195, 11.2842712, 11.2732964, 11.262763, 11.2563734, 11.2465343, 11.2411976, 11.238736, 11.1060591, 10.8963871, 10.7808571, 10.5705261, 10.3508959, 9.5709658, 9.5420752, 10.5208826, 10.5308809, 10.6208735, 10.6508703, 10.7208653, 11.0408373, 11.1206236, 11.1217556, 11.1220865, 11.1229706, 11.1170759, 11.1124163, 11.1164036, 11.114213, 11.1149893, 11.1194448, 11.1243534, 11.123971, 11.1285334, 11.1286612, 
11.1275454, 11.1239061, 11.1278839, 11.124958, 11.12918, 11.1458263, 11.1525402, 11.1528512, 11.1603804, 11.1712952, 11.1786165, 11.1788858, 11.1867294, 11.1872123, 11.2007999, 11.2011633, 11.2045078, 11.2134399, 11.2192383, 11.226409, 11.2301083, 11.2304126, 11.2388725, 11.2396826, 11.2488079, 11.24883, 11.2598772, 11.2672663, 11.2673753, 11.2698135, 11.2724438, 11.2732327, 11.2791357, 11.2791705, 11.2807875, 11.2806644, 11.2803078, 11.282649, 11.2882109, 11.3057823, 11.3097305, 11.310298, 11.3104649, 
11.3059692, 11.3069782, 11.3109322, 11.3215828, 11.3225479, 11.3213835))),120
"18",1601,0.0067608296800081,0.00721424615509331,"SO1601","SO","SO16","Bossaso",7910.43982551867,719181,0.293219660027572,0.309841668040937,210878.008318289,0.310348370176653,0.30761555031141,0.300942385353293,list(list(c(49.5758209, 49.5807615, 49.7210732, 49.7610703, 49.9110718, 49.9010735, 49.621067, 49.5610657, 49.4610634, 49.351059, 49.1910553, 49.1110573, 49.0410576, 49.0359459, 49.0310555, 49.0028076, 48.9515572, 48.9191218, 48.9245758, 48.9553185, 48.9839554, 49.0149117, 49.0274925, 49.0319138, 49.0512314, 49.080574, 49.1096802, 49.1439171, 49.1541634, 49.1734924, 49.1835022, 49.1937523, 49.2161102, 49.2396355, 49.272934, 49.2813187, 49.2821254, 49.2906303, 49.2959824, 49.2966642, 49.2994766, 49.309494, 
49.3199806, 49.3208809, 49.3344269, 49.3861504, 49.4220276, 49.4353065, 49.4359352, 49.4436913, 49.4455528, 49.4464465, 49.4646606, 49.4655349, 49.4702492, 49.4742088, 49.4749661, 49.4991417, 49.5093956, 49.5098438, 49.5285034, 49.546917, 49.5532112, 49.5548172, 49.5549457, 49.5758209, 11.4512014, 11.4513889, 11.1808195, 11.1408224, 10.9008427, 10.8008528, 10.5108795, 10.5008802, 10.5008812, 10.5608759, 10.5208807, 10.4208889, 10.3508959, 10.5705261, 10.7808571, 10.8963871, 11.1060591, 11.238736, 
11.2376595, 11.2384033, 11.2446594, 11.2545929, 11.2543821, 11.255538, 11.2638416, 11.2680187, 11.2749519, 11.2786684, 11.2809782, 11.2860575, 11.2902021, 11.289752, 11.2962074, 11.2985249, 11.3127995, 11.3176317, 11.3182893, 11.325222, 11.3328104, 11.3330799, 11.3341913, 11.3337364, 11.3307543, 11.3306541, 11.3291512, 11.3277884, 11.3335409, 11.3397474, 11.3403506, 11.3477926, 11.3539991, 11.3542464, 11.3592854, 11.3600404, 11.3641119, 11.3733063, 11.3733899, 11.3760595, 11.3808861, 11.3813982, 
11.4027185, 11.4394903, 11.4454641, 11.4458714, 11.445904, 11.4512014))),201
"19",1603,0.0509001564960301,0.0265362561374583,"SO1603","SO","SO16","Caluula",4547.86209250785,86601,0.464361485788743,0.411941012464921,40214.169030791,0.481490195937824,0.48715974222498,0.509348004718361,list(list(c(50.7915382, 50.7987709, 50.8057594, 50.8199387, 50.8313446, 50.8513756, 50.8586006, 50.8928986, 50.9041138, 50.9201851, 50.9558601, 50.9733734, 51.0008125, 51.0177956, 51.0543518, 51.0643845, 51.0849381, 51.0911636, 51.1000938, 51.1157379, 51.1402702, 51.1453972, 51.1614456, 51.1688766, 51.1821518, 51.2115974, 51.215023, 51.2322464, 51.2457848, 51.2630959, 51.2731361, 51.2810478, 51.2847557, 51.2867928, 51.2846107, 51.2729263, 51.2666435, 51.2586365, 51.2567215, 51.258255, 51.2556267, 
51.2473869, 51.2445412, 51.2542267, 51.2553482, 51.2529449, 51.2510376, 51.2408018, 51.2406502, 51.2288459, 51.2282524, 51.2254333, 51.2192688, 51.2161109, 51.215744, 51.2079331, 51.2070885, 51.1870804, 51.1744423, 51.173954, 51.1647873, 51.157486, 51.1496887, 51.1247787, 51.1243952, 50.6910896, 50.4110832, 50.3010826, 50.3210831, 50.355621, 50.3565407, 50.3782768, 50.3876228, 50.4175072, 50.4315262, 50.4321657, 50.4521561, 50.4717751, 50.4837189, 50.4928627, 50.5130577, 50.521286, 50.527607, 50.5311279, 
50.5365562, 50.5393105, 50.5413094, 50.5467339, 50.5528564, 50.5615501, 50.5623559, 50.5624504, 50.5547676, 50.5413666, 50.5371284, 50.5341682, 50.5259166, 50.5257683, 50.5224953, 50.5218086, 50.5393066, 50.5505714, 50.5524712, 50.5588036, 50.5815277, 50.5819743, 50.5899467, 50.6035233, 50.6231499, 50.6239085, 50.6273689, 50.6301994, 50.6325455, 50.6327819, 50.638382, 50.6534157, 50.673378, 50.7070541, 50.7264748, 50.7362938, 50.7531357, 50.7659912, 50.7670018, 50.7736816, 50.7760658, 50.7761488, 
50.7877464, 50.7886396, 50.7933731, 50.7919807, 50.7798424, 50.7725507, 50.7718849, 50.7663663, 50.7655487, 50.7629852, 50.7695732, 50.7705091, 50.7737846, 50.7915382, 11.9852028, 11.9835587, 11.9793873, 11.9652967, 11.9574251, 11.9469814, 11.9437265, 11.9387255, 11.9398165, 11.9312267, 11.9218435, 11.913868, 11.9013681, 11.8902397, 11.8725624, 11.8715849, 11.8728447, 11.8716745, 11.869998, 11.8703642, 11.8738947, 11.8722544, 11.8622732, 11.8555603, 11.8506517, 11.8440838, 11.8433199, 11.8353949, 
11.8353081, 11.841403, 11.8417978, 11.838068, 11.8336763, 11.8237782, 11.8116093, 11.7882118, 11.7756376, 11.7641954, 11.7566223, 11.7409811, 11.7311134, 11.7194443, 11.7123356, 11.6945734, 11.6874409, 11.676652, 11.6725922, 11.6508482, 11.650526, 11.6449109, 11.6446285, 11.6418886, 11.6253767, 11.6216899, 11.6212616, 11.6175764, 11.617178, 11.5874205, 11.5766554, 11.5762386, 11.5645714, 11.552433, 11.5350113, 11.5022907, 11.5014746, 11.4107943, 11.4007959, 11.4507923, 11.4807892, 11.6361891, 11.6366358, 
11.6515055, 11.6563005, 11.6642447, 11.6704025, 11.6709738, 11.6888294, 11.7063475, 11.7198658, 11.731555, 11.767108, 11.784317, 11.7891197, 11.7948523, 11.8113813, 11.8242931, 11.8336601, 11.8483505, 11.8628082, 11.8777151, 11.8830543, 11.8836803, 11.874754, 11.8497515, 11.8398829, 11.82864, 11.7972758, 11.7967119, 11.7960348, 11.799715, 11.8601027, 11.8809071, 11.8844175, 11.8919773, 11.9121151, 11.9122962, 11.9155283, 11.9244385, 11.9271135, 11.9278132, 11.9310045, 11.9388065, 11.9408665, 11.9408655, 
11.9408417, 11.9375191, 11.9331055, 11.9453688, 11.9540157, 11.9560394, 11.9623985, 11.9648657, 11.9655991, 11.9704466, 11.9721746, 11.9721824, 11.9732695, 11.9739949, 11.9778395, 11.9799137, 11.9806614, 11.977747, 11.9774809, 11.9713002, 11.9703846, 11.9720058, 11.982089, 11.9825954, 11.9843674, 11.9852028))),36
"20",1604,0.0345144247864021,0.0210050479845436,"SO1604","SO","SO16","Iskushuban",18432.4353061353,54527,0.419750115916883,0.341599602647762,22887.7145705999,0.436878826065964,0.440358135907083,0.451938638888142,list(list(c(51.1083298, 51.1111069, 51.1359901, 51.1483307, 51.1578522, 51.1699753, 51.1769485, 51.1792564, 51.1803894, 51.1784821, 51.1754837, 51.1601715, 51.1580124, 51.1323051, 51.1258621, 51.1241951, 51.1166, 51.1191368, 51.1211739, 51.1227455, 51.125164, 51.1293983, 51.1299286, 51.1274223, 51.1313133, 51.1336174, 51.1421967, 51.1454086, 51.1475449, 51.1509514, 51.1677094, 51.1693001, 51.1659896, 51.1657677, 51.1604118, 51.14645, 51.123909, 51.1207352, 51.1150627, 51.1062674, 51.1052666, 51.1029129, 
51.1040611, 51.1096153, 51.1102432, 51.110302, 51.1066094, 51.1056404, 51.1046944, 51.1074333, 51.1048508, 51.1101608, 51.1105804, 51.1081963, 51.1016235, 51.09272, 51.0855137, 51.084549, 51.0820618, 51.0571213, 51.0399323, 51.0328472, 51.0322456, 51.026638, 51.0259171, 51.0298462, 51.0300598, 51.0311508, 51.0298357, 51.0294838, 51.0220871, 51.0194701, 51.0193024, 51.0172005, 51.0197258, 51.0189934, 51.0217667, 51.0296707, 51.0377808, 51.0426598, 51.052387, 51.0559578, 51.0559666, 51.0636406, 51.0873413, 
51.0910072, 51.1201324, 51.1368485, 51.1833191, 51.2173958, 51.2283516, 51.2337036, 51.2340358, 51.2355843, 51.2335281, 51.2284431, 51.2273216, 51.2245446, 51.2238503, 51.222524, 51.2219543, 51.2120628, 51.1965714, 51.1938133, 51.1922302, 51.1946068, 51.1995277, 51.2005005, 51.2000999, 51.1987114, 51.1971245, 51.1828117, 51.1754723, 51.1775818, 51.1780283, 51.1815224, 51.1920853, 51.1992416, 51.2184753, 51.2269096, 51.2366943, 51.2503967, 51.2596436, 51.2728653, 51.2913666, 51.2999344, 51.3096848, 
51.3184853, 51.3294029, 51.3409386, 51.3512955, 51.3647728, 51.3745193, 51.3879585, 51.3904915, 51.3920403, 51.3980179, 51.4123611, 51.4130325, 51.4048004, 51.4017143, 51.3981705, 51.3961105, 51.3927498, 51.3897595, 51.3897018, 51.3834, 51.3752594, 51.374007, 51.3729286, 51.3710403, 51.3751335, 51.374461, 51.3739548, 51.360302, 51.3510017, 51.3482208, 51.3406067, 51.3362045, 51.331562, 51.320858, 51.3169441, 51.3032188, 51.289257, 51.2848549, 51.2769928, 51.2684135, 51.2654152, 51.2638206, 51.2683487, 
51.2667656, 51.2623787, 51.2447853, 51.2296066, 51.2120514, 51.1774216, 51.1616249, 51.1097717, 51.1038628, 51.0846787, 51.0663033, 51.0470238, 51.0158386, 50.9856071, 50.972744, 50.9496841, 50.9364204, 50.9001367, 50.8991508, 50.8970413, 50.8948555, 50.8940125, 50.8957062, 50.9022675, 50.9019966, 50.8955765, 50.8938675, 50.8905525, 50.8837433, 50.8820724, 50.8861504, 50.8876572, 50.8958664, 50.8960075, 50.8962898, 50.8946342, 50.8966599, 50.8982544, 50.8921776, 50.8862915, 50.8793831, 50.8778495, 
50.831089, 50.5110779, 50.4010811, 50.0910721, 50.0110703, 49.7010689, 49.5610657, 49.621067, 50.4610825, 50.5510826, 50.3410835, 50.4110832, 50.6910896, 51.1243952, 51.1198235, 51.1200256, 51.1230087, 51.1231804, 51.1234283, 51.1254539, 51.1206169, 51.1118584, 51.1127625, 51.1061859, 51.0880508, 51.0839767, 51.079895, 51.0779114, 51.080864, 51.0780182, 51.0739899, 51.0758438, 51.0772057, 51.0863686, 51.096283, 51.1002121, 51.1083298, 11.1580381, 11.1559706, 11.1509933, 11.1511488, 11.146493, 11.1494074, 
11.1470652, 11.144063, 11.1387692, 11.1314259, 11.1273422, 11.1064844, 11.0956945, 11.038847, 11.0122337, 11.0053387, 10.9398785, 10.8966513, 10.8867559, 10.8770933, 10.8136435, 10.7607193, 10.7540874, 10.7228451, 10.6729488, 10.6692581, 10.6659889, 10.6593037, 10.6419344, 10.6142244, 10.579648, 10.5736637, 10.5667916, 10.5663309, 10.5638361, 10.5602465, 10.5596914, 10.5584736, 10.5562973, 10.5505724, 10.549921, 10.5446491, 10.5423441, 10.5388641, 10.536758, 10.536561, 10.5343989, 10.5338316, 10.531539, 
10.5230198, 10.5184383, 10.5124321, 10.5050755, 10.4942884, 10.4821472, 10.4688711, 10.4624276, 10.461565, 10.4611645, 10.4571285, 10.456768, 10.4529961, 10.4526758, 10.4462729, 10.4421406, 10.4384413, 10.4352226, 10.422348, 10.4167348, 10.4152327, 10.4214792, 10.4217104, 10.4217253, 10.4196692, 10.4141388, 10.4077091, 10.4049358, 10.4069586, 10.4036951, 10.404357, 10.4122014, 10.415081, 10.4150852, 10.4187136, 10.4213324, 10.4223137, 10.4301004, 10.4293098, 10.4333906, 10.4314365, 10.4308081, 10.4321527, 
10.432841, 10.4360495, 10.441576, 10.445056, 10.4519567, 10.4530775, 10.4533577, 10.4495084, 10.447855, 10.4626265, 10.4739838, 10.4788275, 10.4857311, 10.4946775, 10.5020027, 10.5091209, 10.511611, 10.5201626, 10.5266085, 10.5416365, 10.5570784, 10.5605125, 10.5603274, 10.5588789, 10.5381298, 10.5311899, 10.5234852, 10.5156631, 10.5065861, 10.5014477, 10.4947233, 10.4916496, 10.4793472, 10.4756136, 10.4746294, 10.4706631, 10.4708204, 10.4757061, 10.480094, 10.4809198, 10.4797039, 10.4747849, 10.4720097, 
10.4605083, 10.4517336, 10.4433594, 10.4396782, 10.4245682, 10.414938, 10.412056, 10.4103813, 10.3945484, 10.3898346, 10.3897438, 10.3849621, 10.3834105, 10.3824307, 10.381587, 10.3774643, 10.3647966, 10.3632279, 10.3620472, 10.3688049, 10.3663416, 10.36728, 10.3742256, 10.3756342, 10.3758965, 10.3722906, 10.3725214, 10.3733282, 10.3683653, 10.3695431, 10.3751106, 10.3763151, 10.3795528, 10.3846178, 10.4027433, 10.4094181, 10.4131231, 10.4217405, 10.4225836, 10.4235582, 10.4184904, 10.4176683, 10.4053431, 
10.4046745, 10.4025049, 10.3968668, 10.3958292, 10.3822184, 10.3633652, 10.3553419, 10.3412199, 10.3353157, 10.3106747, 10.3100052, 10.3054209, 10.2701511, 10.2564917, 10.2243128, 10.1909599, 10.1829205, 10.1450415, 10.1349382, 10.1218586, 10.10466, 10.0957079, 10.0756979, 10.0527134, 10.024869, 10.0223007, 10.0170565, 10.0101709, 10, 9.9920015, 9.9821529, 9.9647226, 9.9268494, 9.920929, 9.920929, 9.9109306, 9.8809338, 9.8109417, 9.8109417, 10.0209236, 10.5008802, 10.5108795, 10.6608629, 10.8308477, 
11.1608181, 11.4007959, 11.4107943, 11.5014746, 11.4917459, 11.4869165, 11.4783955, 11.46805, 11.4669647, 11.4581518, 11.4285278, 11.4051342, 11.4003019, 11.3913755, 11.3484993, 11.3388681, 11.3175154, 11.2961502, 11.2832603, 11.274312, 11.2623835, 11.2198477, 11.2136335, 11.1869173, 11.1696196, 11.1640797, 11.1580381))),35
"21",1606,0.0243104752980418,0.0172782140655766,"SO1606","SO","SO16","Qardho",18708.9966883967,152711,0.42918975522968,0.496064469228997,65541.9967108797,0.446318465378762,0.45026122303867,0.456262652987903,list(list(c(49.4610634, 49.5610657, 49.7010689, 50.0110703, 50.0910721, 50.0810738, 50.0610733, 49.9210663, 49.8910675, 49.8910637, 49.8410645, 49.8131142, 49.8124962, 49.8114357, 49.8072243, 49.8064346, 49.805645, 49.8048553, 49.8040657, 49.8032646, 49.802475, 49.8016853, 49.8009033, 49.8001137, 49.799324, 49.7985229, 49.7977333, 49.7810631, 49.6810608, 49.6242104, 49.6222115, 49.6192207, 49.6172218, 49.6152191, 49.6132202, 49.6102295, 49.6082306, 49.6062317, 49.604229, 49.6022301, 49.5992393, 49.5972404, 
49.5952415, 49.5932388, 49.5902405, 49.5882416, 49.5862503, 49.5842514, 49.5812492, 49.5792503, 49.5772514, 49.5752602, 49.5732613, 49.5702591, 49.5682602, 49.5662613, 49.56427, 49.5612717, 49.559269, 49.5572701, 49.5552711, 49.5522804, 49.5502815, 49.5482788, 49.5462799, 49.544281, 49.5412903, 49.5392914, 49.5372887, 49.5352898, 49.532299, 49.5303001, 49.5283012, 49.5263023, 49.5233116, 49.5213051, 49.5193062, 49.5173073, 49.5153084, 49.5123177, 49.5103149, 49.508316, 49.4510574, 49.4029884, 49.4012871, 
49.3995972, 49.3970566, 49.3953552, 49.3936577, 49.3911171, 49.3885765, 49.3868752, 49.3851776, 49.382637, 49.3809357, 49.3792458, 49.3766975, 49.374157, 49.3724556, 49.3707657, 49.3682175, 49.3656769, 49.3639755, 49.3622856, 49.3597374, 49.3571968, 49.3554955, 49.3538055, 49.3512573, 49.3487167, 49.3470154, 49.3453178, 49.3427773, 49.3410873, 49.339386, 49.3000717, 49.2910538, 49.236351, 49.1810532, 49.1110535, 49.1024437, 49.0811119, 49.0610542, 49.0410576, 49.1110573, 49.1910553, 49.351059, 49.4610634, 
10.5008812, 10.5008802, 10.0209236, 9.8109417, 9.8109417, 9.7009516, 9.2809896, 9.1210041, 9.0310125, 8.4010696, 8.3310766, 8.424222, 8.4263115, 8.4298248, 8.4438734, 8.4465075, 8.4491405, 8.4517756, 8.4544096, 8.4570436, 8.4596777, 8.4623108, 8.4649458, 8.4675798, 8.4702139, 8.4728489, 8.4754829, 8.5310583, 8.5810547, 8.5835266, 8.5836134, 8.583744, 8.5838308, 8.5839176, 8.5840044, 8.5841341, 8.5842218, 8.5843086, 8.5843954, 8.5844822, 8.5846128, 8.5846996, 8.5847864, 8.5848732, 8.5850029, 8.5850906, 
8.5851774, 8.5852642, 8.5853939, 8.5854807, 8.5855684, 8.5856552, 8.585742, 8.5858717, 8.5859594, 8.5860462, 8.586133, 8.5862627, 8.5863495, 8.5864372, 8.586524, 8.5866537, 8.5867405, 8.5868282, 8.586915, 8.5870018, 8.5871315, 8.5872192, 8.587306, 8.5873928, 8.5875225, 8.5876093, 8.587697, 8.5877838, 8.5879135, 8.5880003, 8.5880871, 8.5881748, 8.5882616, 8.5883913, 8.5884781, 8.5885649, 8.5910549, 8.6210957, 8.6221561, 8.6232166, 8.6248045, 8.625865, 8.6269264, 8.6285162, 8.6301041, 8.6311646, 8.632226, 
8.6338139, 8.6348743, 8.6359348, 8.6375246, 8.6391115, 8.6401739, 8.6412344, 8.6428251, 8.644413, 8.6454725, 8.646534, 8.6481237, 8.6497116, 8.650773, 8.6518326, 8.6534233, 8.6550121, 8.6560726, 8.6571341, 8.658721, 8.6597815, 8.6608419, 8.6854115, 8.6910448, 8.7308264, 8.771039, 8.9010267, 8.969944, 9.1405296, 9.5709658, 10.3508959, 10.4208889, 10.5208807, 10.5608759, 10.5008812))),72
"22",1701,0.00882875708979534,0.00864597806536331,"SO1701","SO","SO17","Garoowe",8628.14725855622,300540,0.299719118140136,0.29152159099823,90077.5837658364,0.252911662637794,0.264280828135872,0.279299877373199,list(list(c(49.2910538, 49.3000717, 49.2210541, 49.1810532, 49.2110519, 49.1910477, 48.131031, 48.0510292, 48.5610428, 48.7310448, 49.0811119, 49.1024437, 49.1110535, 49.1810532, 49.236351, 49.2910538, 8.6910448, 8.6854115, 8.5010633, 8.4110718, 8.1011, 8.0211077, 8.2110929, 8.2410898, 8.7810392, 8.7810383, 9.1405296, 8.969944, 8.9010267, 8.771039, 8.7308264, 8.6910448))),156
"23",1702,0.00788908413040784,0.00771052576569428,"SO1702","SO","SO17","Burtinle",9712.16655105464,118031,0.286015310584085,0.275654455908669,33758.6731235501,0.239207855081743,0.252197335991623,0.268637930947932,list(list(c(48.131031, 49.1910477, 49.0515099, 49.031044, 48.531456, 48.5010376, 47.5666885, 47.5591551, 47.98618, 47.9861216, 47.93408, 47.9199093, 47.9210243, 47.9410248, 48.131031, 8.2110929, 8.0211077, 7.709857, 7.7111359, 7.4283829, 7.4111643, 7.5606461, 7.5618505, 8, 8, 8, 8, 8.001112, 8.0211105, 8.2110929))),143
"24",1703,0.0353931176735361,0.022968720025848,"SO1703","SO","SO17","Eyl",9348.8893547566,154076,0.667590455089234,0.928954906737529,102859.666958329,0.620782999586893,0.588655670086734,0.546765142547895,list(list(c(49.8124962, 49.8131142, 49.8410645, 49.8910637, 49.9310646, 50.0510674, 50.1756706, 50.1761364, 50.1693611, 50.1631717, 50.1622047, 50.1568794, 50.1550102, 50.153614, 50.1471443, 50.1455002, 50.1461601, 50.1436043, 50.1375923, 50.1292152, 50.1196248, 50.1146495, 50.1143608, 50.1136632, 50.1125984, 50.0755355, 50.0754547, 50.063084, 50.0620689, 50.0551529, 50.0454712, 50.0180511, 50, 49.9843979, 49.9514809, 49.9347621, 49.9338989, 49.9065631, 49.9059982, 49.8927103, 49.8920746, 49.861048, 
49.8603249, 49.8559608, 49.8502007, 49.840558, 49.8397636, 49.8393631, 49.8412018, 49.8499908, 49.8490829, 49.835331, 49.8273277, 49.8218613, 49.8162155, 49.8117523, 49.8095741, 49.8119011, 49.8162117, 49.8174553, 49.817028, 49.8188934, 49.8216667, 49.8285789, 49.8363991, 49.8389435, 49.8380715, 49.8380356, 49.8326413, 49.8316154, 49.8300285, 49.8311882, 49.8348808, 49.8362732, 49.825531, 49.831089, 49.8237801, 49.8151817, 49.8027115, 49.796948, 49.7967758, 49.7874129, 49.7866859, 49.7802811, 49.7727547, 
49.7689056, 49.7666969, 49.762207, 49.7594223, 49.7420845, 49.7098923, 49.7053909, 49.6982651, 49.6788559, 49.6506167, 49.5010567, 49.4410515, 49.2677727, 49.1910477, 49.0515099, 49.1910477, 49.2110519, 49.1810532, 49.2210541, 49.3000717, 49.339386, 49.3410873, 49.3427773, 49.3453178, 49.3470154, 49.3487167, 49.3512573, 49.3538055, 49.3554955, 49.3571968, 49.3597374, 49.3622856, 49.3639755, 49.3656769, 49.3682175, 49.3707657, 49.3724556, 49.374157, 49.3766975, 49.3792458, 49.3809357, 49.382637, 49.3851776, 
49.3868752, 49.3885765, 49.3911171, 49.3936577, 49.3953552, 49.3970566, 49.3995972, 49.4012871, 49.4029884, 49.4510574, 49.508316, 49.5103149, 49.5123177, 49.5153084, 49.5173073, 49.5193062, 49.5213051, 49.5233116, 49.5263023, 49.5283012, 49.5303001, 49.532299, 49.5352898, 49.5372887, 49.5392914, 49.5412903, 49.544281, 49.5462799, 49.5482788, 49.5502815, 49.5522804, 49.5552711, 49.5572701, 49.559269, 49.5612717, 49.56427, 49.5662613, 49.5682602, 49.5702591, 49.5732613, 49.5752602, 49.5772514, 49.5792503, 
49.5812492, 49.5842514, 49.5862503, 49.5882416, 49.5902405, 49.5932388, 49.5952415, 49.5972404, 49.5992393, 49.6022301, 49.604229, 49.6062317, 49.6082306, 49.6102295, 49.6132202, 49.6152191, 49.6172218, 49.6192207, 49.6222115, 49.6242104, 49.6810608, 49.7810631, 49.7977333, 49.7985229, 49.799324, 49.8001137, 49.8009033, 49.8016853, 49.802475, 49.8032646, 49.8040657, 49.8048553, 49.805645, 49.8064346, 49.8072243, 49.8114357, 49.8124962, 8.4263115, 8.424222, 8.3310766, 8.4010696, 8.4610653, 8.4410658, 
8.3295937, 8.3291245, 8.3264465, 8.3207083, 8.3198118, 8.3099594, 8.2982626, 8.2927589, 8.2835979, 8.2691479, 8.2565269, 8.2457504, 8.2361298, 8.1985254, 8.1887528, 8.1836829, 8.1833887, 8.1826764, 8.1815891, 8.1505432, 8.1504755, 8.1375716, 8.1365128, 8.1319399, 8.126914, 8.1166496, 8.1054888, 8.0958424, 8.0627117, 8.0458805, 8.0450115, 8.0131469, 8.0124884, 8.0005702, 8, 7.9607704, 7.959856, 7.957314, 7.9577498, 7.9635206, 7.9639959, 7.9616089, 7.960227, 7.953619, 7.9501719, 7.934741, 7.9218569, 
7.907835, 7.8816471, 7.8478889, 7.8182702, 7.8130002, 7.8076711, 7.8061361, 7.7978711, 7.7925992, 7.789855, 7.788506, 7.7896838, 7.7873988, 7.7843093, 7.7841821, 7.7789525, 7.7779579, 7.7724428, 7.7696919, 7.7681012, 7.7651219, 7.7471728, 7.738472, 7.725358, 7.714735, 7.6993332, 7.6886095, 7.6882892, 7.6797294, 7.6790648, 7.670085, 7.6535249, 7.6388159, 7.6169958, 7.6037931, 7.595614, 7.5597239, 7.5008111, 7.4911032, 7.4757328, 7.4409771, 7.3991702, 7.5711479, 7.5811467, 7.6643114, 7.7011361, 7.709857, 
8.0211077, 8.1011, 8.4110718, 8.5010633, 8.6854115, 8.6608419, 8.6597815, 8.658721, 8.6571341, 8.6560726, 8.6550121, 8.6534233, 8.6518326, 8.650773, 8.6497116, 8.6481237, 8.646534, 8.6454725, 8.644413, 8.6428251, 8.6412344, 8.6401739, 8.6391115, 8.6375246, 8.6359348, 8.6348743, 8.6338139, 8.632226, 8.6311646, 8.6301041, 8.6285162, 8.6269264, 8.625865, 8.6248045, 8.6232166, 8.6221561, 8.6210957, 8.5910549, 8.5885649, 8.5884781, 8.5883913, 8.5882616, 8.5881748, 8.5880871, 8.5880003, 8.5879135, 8.5877838, 
8.587697, 8.5876093, 8.5875225, 8.5873928, 8.587306, 8.5872192, 8.5871315, 8.5870018, 8.586915, 8.5868282, 8.5867405, 8.5866537, 8.586524, 8.5864372, 8.5863495, 8.5862627, 8.586133, 8.5860462, 8.5859594, 8.5858717, 8.585742, 8.5856552, 8.5855684, 8.5854807, 8.5853939, 8.5852642, 8.5851774, 8.5850906, 8.5850029, 8.5848732, 8.5847864, 8.5846996, 8.5846128, 8.5844822, 8.5843954, 8.5843086, 8.5842218, 8.5841341, 8.5840044, 8.5839176, 8.5838308, 8.583744, 8.5836134, 8.5835266, 8.5810547, 8.5310583, 8.4754829, 
8.4728489, 8.4702139, 8.4675798, 8.4649458, 8.4623108, 8.4596777, 8.4570436, 8.4544096, 8.4517756, 8.4491405, 8.4465075, 8.4438734, 8.4298248, 8.4263115))),48
"25",1801,0.00629351643478003,0.00564465251273883,"SO1801","SO","SO18","Gaalkacyo",15242.9326361892,746060,0.661984828874125,0.662107487714482,493880.401429829,0.678016400860795,0.67799834681429,0.670981574527319,list(list(c(48.5010376, 48.531456, 48.4910355, 47.8910217, 47.6910172, 47.6010132, 46.5415494, 46.8986327, 47.1110077, 47.5310173, 47.3623092, 47.5591551, 47.5666885, 48.5010376, 7.4111643, 7.4283829, 6.7412257, 6.7712245, 6.6112399, 6.2812705, 6.5177347, 6.8841205, 6.7312298, 7.1911869, 7.3598764, 7.5618505, 7.5606461, 7.4111643))),264
"26",1802,0.0260854227250074,0.0134335293259095,"SO1802","SO","SO18","Galdogob",1965.84349931571,167004,0.73389510812794,0.702826410043096,122563.418637799,0.74992668011461,0.751648147121589,0.757632025337471,list(list(c(47.1110077, 46.8986327, 47.3623092, 47.5310173, 47.1110077, 6.7312298, 6.8841205, 7.3598764, 7.1911869, 6.7312298))),60
"27",1803,0.0601700389589258,0.0186647488273114,"SO1803","SO","SO18","Hobyo",25585.7959210821,170342,0.725731972174626,0.828865158320646,123622.63560417,0.741763544161296,0.743287543615644,0.758345561694495,list(list(c(48.4326363, 48.4300461, 48.3884735, 48.3746622, 48.3739204, 48.3632216, 48.3627357, 48.3552361, 48.3548235, 48.354557, 48.3152614, 48.3149185, 48.2956456, 48.2210274, 47.6410141, 47.6080246, 47.4710121, 47.3517494, 47.6010132, 47.6910172, 47.8910217, 48.4910355, 48.6710358, 49.1640882, 49.1537132, 49.1464195, 49.1441956, 49.1284828, 49.1132584, 49.0899696, 49.0879593, 49.085247, 49.0806274, 49.0791626, 49.0808258, 49.0850296, 49.0837326, 49.0823555, 49.0618019, 49.054554, 49.0481758, 
49.0388527, 49.0331917, 48.9870682, 48.9856224, 48.9654503, 48.9476585, 48.9399452, 48.9230919, 48.9216118, 48.9044456, 48.8950958, 48.8800812, 48.8584366, 48.8564644, 48.8288612, 48.7888412, 48.7855759, 48.7259254, 48.7208824, 48.6872635, 48.666378, 48.6593208, 48.6513557, 48.5836372, 48.5728446, 48.5718346, 48.5426331, 48.5413225, 48.5371666, 48.536274, 48.5374489, 48.5343809, 48.5342712, 48.5097809, 48.4329277, 48.4326363, 5.2097678, 5.206244, 5.1497078, 5.128889, 5.1277709, 5.1182475, 5.117815, 
5.1049061, 5.1041945, 5.103735, 5.0567569, 5.0563469, 5.0289472, 5.0413828, 5.2013688, 5.1995015, 5.5713358, 5.7528868, 6.2812705, 6.6112399, 6.7712245, 6.7412257, 6.6312361, 6.6010503, 6.578702, 6.566256, 6.5510759, 6.5220408, 6.4872608, 6.4115257, 6.4029069, 6.391274, 6.350565, 6.3227429, 6.3121767, 6.2988648, 6.282537, 6.2781739, 6.2130022, 6.1925058, 6.1819, 6.1598268, 6.14642, 6.0477872, 6.0451779, 6.008821, 5.984818, 5.9666142, 5.9393959, 5.9365802, 5.9038901, 5.8909659, 5.8642139, 5.8319101, 
5.8284478, 5.7800159, 5.7217641, 5.7170091, 5.6237831, 5.6151729, 5.5578003, 5.5155993, 5.5048642, 5.4927478, 5.4036531, 5.3894512, 5.3881221, 5.3569088, 5.3551921, 5.3497481, 5.3451419, 5.3407788, 5.3345439, 5.334321, 5.3043108, 5.210125, 5.2097678))),24
"28",1901,0.00908081696454667,0.00736520150779914,"SO1901","SO","SO19","Dhuusamarreeb",12747.1540887171,227154,0.438075094098248,0.405245909612746,99510.5099247935,0.367624449414253,0.384804430693911,0.400910841864623,list(list(c(46.7109985, 47.3517494, 47.4710121, 47.6080246, 47.1110039, 46.4909935, 46.2298279, 46.2309875, 46.0409851, 45.7109756, 45.6728249, 46.2709885, 46.4509926, 46.6709976, 46.7109985, 5.8613105, 5.7528868, 5.5713358, 5.1995015, 5.1713729, 5.1413765, 5.0732541, 5.0813823, 5.0313873, 5.1113806, 5.1876683, 5.6913266, 5.9013071, 5.9313035, 5.8613105))),144
"29",1902,0.0102207154799552,0.00815244112917589,"SO1902","SO","SO19","Cabudwaaq",6226.03451794597,192203,0.559379832442212,0.528228332080955,107514.481934891,0.488929187758217,0.491358310172059,0.506852338843018,list(list(c(46.5242322, 46.6709976, 46.4509926, 46.2709885, 45.6728249, 45.6709747, 45.5361912, 46.5242322, 6.4999663, 5.9313035, 5.9013071, 5.6913266, 5.1876683, 5.1913733, 5.4861854, 6.4999663))),156
"30",1903,0.0275031993406165,0.013759506279544,"SO1903","SO","SO19","Cadaado",6442.39925468032,123332,0.700237139345457,0.687565786073878,86361.6468697539,0.629786494661462,0.615087133203082,0.589258295866722,list(list(c(46.5415494, 47.6010132, 47.3517494, 46.7109985, 46.6709976, 46.5242322, 46.5415494, 6.5177347, 6.2812705, 5.7528868, 5.8613105, 5.9313035, 6.4999663, 6.5177347))),48
"31",2001,0.00486770679740898,0.0052068068360739,"SO2001","SO","SO20","Belet Weyne",14932.8598372481,308257,0.811750913812442,0.821123173061709,250227.901439082,0.81751981562167,0.817535325788724,0.814932629730537,list(list(c(45.6709747, 45.6728249, 45.7109756, 46.0409851, 46.2309875, 46.2298279, 46.2109871, 46.1109848, 46.1509857, 45.7409782, 45.5609741, 45.4209671, 45.1209641, 45.070961, 45.0009613, 44.7496567, 44.680954, 44.6775627, 44.6027946, 44.5920816, 44.98174, 45, 45.06235, 45.5361912, 45.6709747, 5.1913733, 5.1876683, 5.1113806, 5.0313873, 5.0813823, 5.0732541, 4.9413953, 4.7414136, 4.4314418, 4.4214435, 4.3114533, 4.371448, 4.2814569, 4.2614589, 4.1214714, 4.0777717, 4.4114456, 4.4314437, 4.871716, 
4.9347743, 4.9173, 4.93603, 5, 5.4861854, 5.1913733))),311
"32",2002,0.0328626821646626,0.0180274904726168,"SO2002","SO","SO20","Bulo Burto",16124.4661732667,91275,0.824109365678405,0.765148946202106,75220.5823522964,0.829878267487632,0.829981842079087,0.835293111101892,list(list(c(46.1509857, 46.3968277, 46.4009895, 46.3909874, 46.2251663, 46.0909843, 46.080986, 45.1809654, 45.2969856, 45.2709656, 45.1509666, 45.070961, 44.8797989, 44.7809563, 44.7739868, 44.7709579, 44.8009567, 44.7509575, 44.7496567, 45.0009613, 45.070961, 45.1209641, 45.4209671, 45.5609741, 45.7409782, 46.1509857, 4.4314418, 4.2347927, 4.2314601, 3.8914912, 3.7987401, 3.5715206, 3.5715206, 3.5515232, 3.2034969, 3.2015553, 3.2115543, 3.2515507, 3.2647328, 3.2715492, 3.5711272, 3.7015102, 3.8614955, 
4.0714765, 4.0777717, 4.1214714, 4.2614589, 4.2814569, 4.371448, 4.3114533, 4.4214435, 4.4314418))),36
"33",2101,0.0083731297455847,0.00744991586735804,"SO2101","SO","SO21","Jowhar",4657.61574502453,391961,0.760943223451852,0.8554696907347,298260.066807411,0.865840485401042,0.865833902019587,0.839827309981671,list(list(c(45.2709656, 45.2969856, 45.940979, 45.9609795, 45.8709755, 45.5309715, 45.5009689, 45.460968, 45.3336639, 45.3070755, 45.2031746, 45.2014732, 45.1997833, 45.1980858, 45.1963959, 45.194706, 45.1930046, 45.1913147, 45.1896248, 45.1879234, 45.1862335, 45.184536, 45.1828461, 45.1811562, 45.1794548, 45.1777649, 45.176075, 45.1743736, 45.172905, 45.171566, 45.1698952, 45.1682243, 45.1665459, 45.164875, 45.1631966, 45.1615257, 45.1598434, 45.158165, 45.1564941, 45.1548157, 45.1531448, 45.1209602, 
45.1076126, 45.097023, 45.0963326, 45.0956421, 45.0949516, 45.0942612, 45.0935822, 45.070961, 45.1509666, 45.2709656, 3.2015553, 3.2034969, 3.25155, 2.7315974, 2.7415965, 2.7215986, 2.7315977, 2.761595, 2.7322178, 2.7708752, 2.9219887, 2.9244535, 2.9269173, 2.9293809, 2.9318447, 2.9343095, 2.9367733, 2.9392371, 2.9417019, 2.9441676, 2.9466314, 2.949095, 2.9515598, 2.9540236, 2.9564877, 2.9589515, 2.9614162, 2.9638798, 2.9660327, 2.9679675, 2.9704032, 2.9728398, 2.9752758, 2.9777105, 2.9801474, 2.9825842, 
2.9850221, 2.9874578, 2.9898934, 2.9923303, 2.994766, 3.0415697, 3.0975838, 3.1420507, 3.1449513, 3.1478522, 3.150753, 3.1536548, 3.1565564, 3.2515507, 3.2115543, 3.2015553))),192
"34",2103,0.0126773157745971,0.0100866099689528,"SO2103","SO","SO21","Balcad",4256.95449444759,358453,0.781959704912048,0.898729384477772,280295.802104838,0.886856966861238,0.889747357831518,0.8917124472577,list(list(c(45.460968, 45.5009689, 45.5309715, 45.8709755, 45.9609795, 46.0409813, 46.0909805, 46.1209831, 46.129734, 46.129884, 46.1264343, 46.1206432, 46.1196671, 46.11784, 46.1176758, 46.1040878, 46.0908852, 46.0765762, 46.0640869, 46.0296135, 46.0019646, 45.9983292, 45.9794426, 45.9587555, 45.9367371, 45.9280777, 45.8983078, 45.8948975, 45.8780632, 45.8357941, 45.8350449, 45.8341405, 45.8339577, 45.8310051, 45.8173027, 45.8116188, 45.8066406, 45.8018608, 45.793644, 45.7891083, 45.7570648, 45.7229347, 
45.6902046, 45.6840439, 45.6823502, 45.673584, 45.6604233, 45.6522064, 45.646759, 45.6389923, 45.6187061, 45.6172028, 45.5875816, 45.460968, 45.4310188, 45.3909683, 45.3309669, 45.3318939, 45.3396454, 45.3397064, 45.339756, 45.3398132, 45.3398743, 45.3409691, 45.3309669, 45.3336639, 45.460968, 2.761595, 2.7315977, 2.7215986, 2.7415965, 2.7315974, 2.691601, 2.5716116, 2.5716116, 2.5541244, 2.5538003, 2.549891, 2.5405897, 2.539022, 2.5318313, 2.5311849, 2.515197, 2.5061409, 2.4963291, 2.4858708, 2.452451, 
2.423229, 2.4210439, 2.409692, 2.395251, 2.376657, 2.3733609, 2.351938, 2.3498559, 2.33957, 2.3172724, 2.3168771, 2.3118954, 2.3108881, 2.308562, 2.3065989, 2.302639, 2.296844, 2.294271, 2.2928178, 2.289583, 2.2667298, 2.248023, 2.2261071, 2.2246711, 2.223649, 2.2183659, 2.207437, 2.205982, 2.2013319, 2.2008011, 2.1860051, 2.1858501, 2.1831574, 2.1716487, 2.1630924, 2.1516507, 2.1816478, 2.2326181, 2.6507673, 2.6537528, 2.6567395, 2.6597273, 2.6627131, 2.7215989, 2.7315979, 2.7322178, 2.761595))),132
"35",2104,0.0544018563366934,0.0186920610450544,"SO2104","SO","SO21","Cadale",5852.61508431214,75977,0.692071757875441,0.757814292907866,52581.5359481023,0.796969019824631,0.787468988659392,0.872080706911082,list(list(c(46.1672974, 46.1561356, 46.1411591, 46.129884, 46.129734, 46.1209831, 46.0909805, 46.0409813, 45.9609795, 45.940979, 45.9596405, 45.9608917, 45.9858704, 45.9865112, 45.9874611, 45.9883995, 45.9896698, 45.9903107, 45.9918785, 45.9925194, 45.9934692, 45.9950409, 45.9963188, 45.997261, 45.9985199, 45.9994812, 46.001049, 46.0016899, 46.0023308, 46.0038986, 46.0051689, 46.0067406, 46.0073814, 46.0086403, 46.0095901, 46.010231, 46.0114899, 46.0124397, 46.0307426, 46.0609818, 46.6709938, 46.7552567, 
46.7554574, 46.7516747, 46.7430267, 46.712986, 46.6742935, 46.6242638, 46.6047592, 46.5757065, 46.5365753, 46.5295181, 46.5165901, 46.4965515, 46.4606056, 46.4465179, 46.4317703, 46.4052505, 46.3804626, 46.345192, 46.3387965, 46.3386078, 46.3364525, 46.3327446, 46.3307018, 46.3305588, 46.3269272, 46.3196182, 46.3102798, 46.3022975, 46.3014336, 46.2975121, 46.2962232, 46.2952538, 46.2827759, 46.2616463, 46.2591133, 46.2491226, 46.2281876, 46.2163887, 46.1912422, 46.176548, 46.1729698, 46.1710686, 
46.1704216, 46.1677657, 46.1672974, 2.586123, 2.580508, 2.5665779, 2.5538003, 2.5541244, 2.5716116, 2.5716116, 2.691601, 2.7315974, 3.25155, 3.3075156, 3.3113134, 3.3862495, 3.3881474, 3.3909931, 3.3938389, 3.3976326, 3.3995273, 3.4042728, 3.4061697, 3.4090135, 3.413759, 3.4175508, 3.4203985, 3.4241929, 3.4270368, 3.4317815, 3.4336793, 3.4355741, 3.4403186, 3.4441113, 3.4488559, 3.4507537, 3.4545474, 3.4573922, 3.4592888, 3.4630837, 3.4659271, 3.4995475, 3.5315242, 3.3115437, 3.1535602, 3.1531843, 
3.1494341, 3.1431539, 3.1088359, 3.064625, 3.019371, 3.0017281, 2.9718201, 2.9432092, 2.9365699, 2.924413, 2.9122891, 2.886461, 2.8741541, 2.8578379, 2.8284969, 2.80989, 2.7865939, 2.780732, 2.7805591, 2.776736, 2.7701581, 2.7589618, 2.758178, 2.7546971, 2.753026, 2.7478881, 2.7397254, 2.738842, 2.7155759, 2.7134649, 2.7118771, 2.6995809, 2.685848, 2.684201, 2.6751451, 2.6618571, 2.6502559, 2.62152, 2.6011529, 2.597631, 2.5957582, 2.5951209, 2.5874719, 2.586123))),24
"36",2201,0.00254634132089521,0.00260791361826303,"SO2201","SO","SO22","Banadir",242.416717474661,2874431,0.450679552921582,0.439667127509688,1295447.27798394,0.439667127509688,0.439667127509688,0.439667127509688,list(list(c(45.5875816, 45.6172028, 45.6187061, 45.5965195, 45.5757179, 45.5657806, 45.5194283, 45.4957695, 45.4750938, 45.4680939, 45.4527893, 45.4419022, 45.4296188, 45.3941917, 45.379612, 45.3598671, 45.3486633, 45.3311882, 45.319355, 45.3038673, 45.2895012, 45.2595102, 45.2610245, 45.2979546, 45.2997055, 45.3014641, 45.303215, 45.304966, 45.3067245, 45.3084755, 45.3102341, 45.311985, 45.313736, 45.3154945, 45.3172455, 45.3190041, 45.320755, 45.322506, 45.3242645, 45.3260155, 45.327774, 45.329525, 
45.3312836, 45.3330345, 45.3347855, 45.336544, 45.338295, 45.3400536, 45.3418045, 45.3435669, 45.345314, 45.347084, 45.3488846, 45.350666, 45.3524551, 45.3542442, 45.3560333, 45.3578262, 45.3596153, 45.3614082, 45.3631973, 45.3649902, 45.3667793, 45.3685684, 45.3703575, 45.3721504, 45.3739395, 45.3909683, 45.4310188, 45.460968, 45.5875816, 2.1831574, 2.1858501, 2.1860051, 2.1698229, 2.160604, 2.1562009, 2.1254151, 2.112776, 2.099014, 2.0956299, 2.0882261, 2.0789261, 2.072371, 2.04743, 2.042233, 2.032804, 
2.027452, 2.014178, 2.008316, 2.002419, 1.9988321, 1.9797307, 1.9817481, 2.0300345, 2.0323262, 2.0346203, 2.0369151, 2.0392089, 2.0415025, 2.0437963, 2.0460901, 2.0483818, 2.0506766, 2.0529706, 2.0552645, 2.0575581, 2.0598519, 2.0621436, 2.0644374, 2.0667322, 2.069026, 2.0713201, 2.0736136, 2.0759065, 2.0781991, 2.0804939, 2.0827878, 2.0850825, 2.0873754, 2.0896692, 2.0919611, 2.0942807, 2.0966225, 2.0989623, 2.1013031, 2.1036417, 2.1059816, 2.1083243, 2.1106641, 2.1130042, 2.1153438, 2.1176836, 
2.1200254, 2.1223662, 2.124706, 2.1270447, 2.1293855, 2.1516507, 2.1630924, 2.1716487, 2.1831574))),612
"37",2302,0.0046372761143709,0.00440849845832334,"SO2302","SO","SO23","Afgooye",3975.68677199174,505857,0.558371686784385,0.533881744102495,282456.226361689,0.496889667417822,0.500709764835045,0.540693452510139,list(list(c(45.2105675, 45.2085596, 45.2078857, 45.2037849, 45.1978226, 45.1930313, 45.1812096, 45.1598701, 45.1401901, 45.1318283, 45.1301097, 45.128933, 44.8409576, 44.7909546, 44.7309532, 44.6609535, 44.7309532, 44.8809586, 44.9709625, 45.3309669, 45.3409691, 45.3398743, 45.3398132, 45.339756, 45.3397064, 45.3396454, 45.3318939, 45.3309669, 45.3909683, 45.3739395, 45.3721504, 45.3703575, 45.3685684, 45.3667793, 45.3649902, 45.3631973, 45.3614082, 45.3596153, 45.3578262, 45.3560333, 45.3542442, 
45.3524551, 45.350666, 45.3488846, 45.347084, 45.345314, 45.3435669, 45.3418045, 45.3400536, 45.338295, 45.336544, 45.3347855, 45.3330345, 45.3312836, 45.329525, 45.327774, 45.3260155, 45.3242645, 45.322506, 45.320755, 45.3190041, 45.3172455, 45.3154945, 45.313736, 45.311985, 45.3102341, 45.3084755, 45.3067245, 45.304966, 45.303215, 45.3014641, 45.2997055, 45.2979546, 45.2610245, 45.2595102, 45.2572403, 45.2492905, 45.2360725, 45.2267838, 45.2108296, 45.2105675, 1.9587489, 1.9540807, 1.9525139, 1.951095, 
1.9533361, 1.95214, 1.945587, 1.9304321, 1.9252369, 1.92303, 1.9216807, 1.9216706, 1.9216716, 2.0216627, 2.1316528, 2.2416427, 2.2816391, 2.3416336, 2.4116273, 2.7315979, 2.7215989, 2.6627131, 2.6597273, 2.6567395, 2.6537528, 2.6507673, 2.2326181, 2.1816478, 2.1516507, 2.1293855, 2.1270447, 2.124706, 2.1223662, 2.1200254, 2.1176836, 2.1153438, 2.1130042, 2.1106641, 2.1083243, 2.1059816, 2.1036417, 2.1013031, 2.0989623, 2.0966225, 2.0942807, 2.0919611, 2.0896692, 2.0873754, 2.0850825, 2.0827878, 2.0804939, 
2.0781991, 2.0759065, 2.0736136, 2.0713201, 2.069026, 2.0667322, 2.0644374, 2.0621436, 2.0598519, 2.0575581, 2.0552645, 2.0529706, 2.0506766, 2.0483818, 2.0460901, 2.0437963, 2.0415025, 2.0392089, 2.0369151, 2.0346203, 2.0323262, 2.0300345, 1.9817481, 1.9797307, 1.978285, 1.974754, 1.968883, 1.9602851, 1.9587738, 1.9587489))),348
"38",2401,0.00549106262270922,0.00518623314342439,"SO2401","SO","SO24","Baydhaba",12967.3938588053,664963,0.546010131487535,0.571662860827875,363076.535064345,0.567029364415883,0.56685249404924,0.560043360849186,list(list(c(44.1809464, 44.290947, 44.3109474, 44.3109474, 44.3109474, 44.3109474, 44.3109474, 44.3109474, 44.3109474, 44.3109474, 44.3109474, 44.3109474, 44.3109474, 44.3109474, 44.3109474, 44.3109474, 44.3109474, 44.3109474, 44.3109474, 44.3109474, 44.3109474, 44.3109474, 44.3109474, 44.3109474, 44.3109474, 44.3109474, 44.2809448, 43.7309341, 43.5309296, 43.4409256, 43.1209221, 43.1209221, 43.1009216, 43.1009216, 43.1020927, 43.1209221, 43.4109268, 43.5809326, 43.6809349, 43.7509346, 43.7909393, 
43.7978592, 43.8809395, 43.9509392, 44.1809464, 3.8514969, 3.6115186, 3.5715222, 3.5137129, 3.510725, 3.5077384, 3.5047505, 3.5017638, 3.498776, 3.4957883, 3.4928005, 3.489814, 3.4868262, 3.4838383, 3.4808517, 3.4778638, 3.4748762, 3.4718893, 3.4689019, 3.465914, 3.4629273, 3.4599395, 3.4569519, 3.4539649, 3.4509773, 3.3915389, 3.3415432, 2.8615873, 2.6516066, 2.5216184, 2.571614, 3.0815678, 3.081568, 3.2315545, 3.2573631, 3.6715148, 3.5715232, 3.6115193, 3.7215095, 3.8514974, 3.881495, 3.8845716, 
3.9214911, 3.9214911, 3.8514969))),347
"39",2501,0.0133172712494957,0.0106075789324661,"SO2501","SO","SO25","Xudur",5455.08082307219,104180,0.656230918881398,0.61251608093512,68366.137129064,0.654032856312823,0.654295843020474,0.654621065989679,list(list(c(43.2809258, 44.290947, 44.290947, 44.1809464, 43.9509392, 43.8809395, 43.7978592, 43.7609329, 43.6309357, 43.2809258, 4.481441, 4.4314442, 3.6115186, 3.8514969, 3.9214911, 3.9214911, 3.8845716, 3.9214914, 4.0514798, 4.481441))),108
"40",2502,0.00848241867838865,0.00765153984112128,"SO2502","SO","SO25","Ceel Barde",7698.34797077635,76423,0.775361286516473,0.77616456919287,59255.4355994484,0.773163223947899,0.773074922272023,0.773989248363309,list(list(c(44.2432, 44.5920816, 44.6027946, 44.6775627, 44.290947, 43.2809258, 43.1278538, 43.16958, 43.23519, 43.32432, 43.42147, 43.43492, 43.46918, 43.54343, 43.65906, 43.81386, 44.00758, 44.01514, 44.03028, 44.2432, 4.95042, 4.9347743, 4.871716, 4.4314437, 4.4314442, 4.481441, 4.634494, 4.65962, 4.69626, 4.74144, 4.78855, 4.79468, 4.80679, 4.83132, 4.86803, 4.90997, 4.95898, 4.96044, 4.95968, 4.95042))),167
"41",2504,0.0182278045763369,0.0137423083163002,"SO2504","SO","SO25","Waajid",2816.00615940371,81196,0.75158929821124,0.830909237183149,61026.0446575598,0.749391235642665,0.749373032158466,0.749200642777427,list(list(c(43.7609329, 43.7978592, 43.7909393, 43.7509346, 43.6809349, 43.5809326, 43.4109268, 43.1209221, 43.1409225, 43.1009216, 43.0914421, 43.6309357, 43.7609329, 3.9214914, 3.8845716, 3.881495, 3.8514974, 3.7215095, 3.6115193, 3.5715232, 3.6715148, 3.8514981, 3.9314911, 3.9477427, 4.0514798, 3.9214914))),64
"42",2601,0.0502796266297868,0.0236650348589411,"SO2601","SO","SO26","Garbahaarey",8355.36025508761,134349,0.104044979447067,0.0503087343106542,13978.338943734,0.218596331206061,0.133332584740977,0.139655684461291,list(list(c(42.850914, 43.1020927, 43.1009216, 43.1009216, 43.1009216, 42.9309196, 42.6784515, 42.6009102, 42.5426216, 41.9708977, 41.7208939, 42.0409012, 42.0409012, 42.6409111, 42.850914, 3.3515437, 3.2573631, 3.2315545, 3.081568, 3.0615697, 3.0415716, 3.0645211, 3.0715692, 2.7510264, 2.9415815, 3.0015764, 3.6715157, 3.6815147, 3.441536, 3.3515437))),24
"43",2602,0.0276234149129557,0.0252580552879399,"SO2602","SO","SO26","Baardheere",15343.1921712505,184538,0.427604529835954,0.702141921759152,78909.2847268673,0.542155881594948,0.547970863303247,0.583809375246214,list(list(c(41.9708977, 42.5426216, 42.5409126, 42.5159874, 42.5109062, 42.4009094, 41.6408882, 41.4208832, 40.99565, 40.99565, 40.994317, 40.9948749, 41.7808914, 41.9708977, 2.9415815, 2.7510264, 2.7415991, 2.6004179, 2.5716145, 1.9516704, 1.9416717, 1.2617327, 1.2327429, 1.707357, 1.944448, 2.3115882, 2.3016393, 2.9415815))),60
"44",2603,0.021616327388882,0.0148852956427696,"SO2603","SO","SO26","Belet Xaawo",3829.55584003204,157013,0.339815786064953,0.271790662059713,53355.4960174165,0.454367137823947,0.435470479523501,0.412972351739476,list(list(c(42.0809021, 42.1008987, 42.0409012, 42.0409012, 41.7208939, 41.3163494, 41.333217, 41.8607022, 42.0809021, 3.821502, 3.8115029, 3.6815147, 3.6715157, 3.0015764, 3.1396971, 3.156423, 3.9115736, 3.821502))),72
"45",2605,0.0258601744415859,0.0170992436001114,"SO2605","SO","SO26","Doolow",1625.52035138605,186471,0.603645656242525,0.66327926700826,112562.4091652,0.718197008001518,0.773565779360129,0.752928972393328,list(list(c(42.37098, 42.4015981, 42.2309036, 42.1008987, 42.0809021, 41.8607022, 41.910119, 41.9126358, 41.91309, 41.913304, 41.92142, 41.9222818, 41.9264, 41.9264489, 41.94346, 41.9440717, 41.94896, 41.94609, 41.94599, 41.94623, 41.9471115, 41.96692, 41.97268, 41.97422, 41.9746988, 41.97905, 41.9794519, 42, 42.00871, 42.03535, 42.05114, 42.06109, 42.06902, 42.08016, 42.08767, 42.09774, 42.14151, 42.19674, 42.25238, 42.29863, 42.31695, 42.37098, 4.18945, 4.1930889, 3.7915046, 3.8115029, 3.821502, 
3.9115736, 3.982319, 3.989461, 3.99075, 3.9908366, 3.99412, 3.9955891, 4.00261, 4.0026503, 4.01666, 4.0179068, 4.02787, 4.04403, 4.04459, 4.05566, 4.0567008, 4.08009, 4.07937, 4.08056, 4.0820103, 4.09519, 4.0951551, 4.09337, 4.10152, 4.13222, 4.15152, 4.16154, 4.16831, 4.17536, 4.17937, 4.17973, 4.17961, 4.17894, 4.18196, 4.18439, 4.18554, 4.18945))),107
"46",2606,0.0158263012899278,0.0143722471344189,"SO2606","SO","SO26","Luuq",8296.32282178118,128029,0.561103833875745,0.738699840281189,71837.5627472777,0.675655185634739,0.719048865945388,0.677736501009296,list(list(c(42.8909187, 43.0914421, 43.1009216, 43.1409225, 43.1209221, 43.1020927, 42.850914, 42.6409111, 42.0409012, 42.1008987, 42.2309036, 42.4015981, 42.4165, 42.44555, 42.47553, 42.48583, 42.49753, 42.52662, 42.54263, 42.55453, 42.56572, 42.57394, 42.58788, 42.59949, 42.63826, 42.67155, 42.68341, 42.69437, 42.70236, 42.70991, 42.7202, 42.7289, 42.7376, 42.7502, 42.81734, 42.8251, 42.83331, 42.84902, 42.86242, 42.87763, 42.8852639, 42.8909187, 4.2914586, 3.9477427, 3.9314911, 3.8514981, 3.6715148, 
3.2573631, 3.3515437, 3.441536, 3.6815147, 3.8115029, 3.7915046, 4.1930889, 4.19486, 4.19937, 4.20273, 4.20332, 4.20232, 4.20291, 4.20495, 4.20625, 4.20984, 4.21201, 4.21541, 4.22061, 4.23558, 4.25049, 4.2543, 4.25789, 4.26006, 4.26176, 4.26281, 4.26337, 4.26394, 4.26455, 4.26491, 4.26707, 4.27062, 4.27955, 4.28938, 4.30152, 4.3078903, 4.2914586))),84
"47",2801,0.00699552691722418,0.00687608639745915,"SO2801","SO","SO28","Kismaayo",9270.87656726912,325330,0.528683370912892,0.576198148009139,171996.561059091,0.626511443737993,0.63633196072738,0.5927012407052,list(list(c(42.0354042, 42.0317955, 42.0240555, 42.0226555, 42.0212479, 42.0155144, 42.0157089, 42.0165345, 42.0186462, 42.0275192, 42.0320511, 42.0323077, 42.0339813, 42.0346328, 42.0414543, 42.0476036, 42.0494041, 42.0528937, 42.0532875, 42.0494736, 42.0487938, 42.0470043, 42.0466118, 42.0427014, 42.0418472, 42.0417109, 42.0416756, 42.0387383, 42.032698, 42.032135, 42.0317039, 42.0349718, 42.0354042, -1.0159181, -1.0198649, -1.0224789, -1.0195121, -1.016535, -1.014529, -1.011309, -1.0105245, -1.008518, 
-1.005433, -1.0021651, -1.0006953, -0.991111, -0.9906029, -0.9852831, -0.983606, -0.9812881, -0.9812484, -0.981244, -0.9869441, -0.9879601, -0.9955191, -0.997177, -0.9992952, -0.9997579, -1.0037743, -1.0048159, -1.0078369, -1.0093747, -1.009518, -1.011822, -1.0154394, -1.0159181)), list(c(42.1061553, 42.1059914, 42.0997314, 42.0962906, 42.0976448, 42.0976305, 42.0975643, 42.0971298, 42.0981259, 42.1009712, 42.101625, 42.1038551, 42.1040183, 42.1063614, 42.1073151, 42.1061553, -0.9353279, -0.9358421, 
-0.947863, -0.9465219, -0.9448981, -0.9447642, -0.944144, -0.9400769, -0.939053, -0.9361281, -0.9344534, -0.9287409, -0.9287092, -0.9282529, -0.93169, -0.9353279)), list(c(42.1179962, 42.1150479, 42.1142159, 42.1109886, 42.1104889, 42.1113951, 42.1120491, 42.1170578, 42.1179962, -0.90698, -0.9140038, -0.915986, -0.9134941, -0.909592, -0.907713, -0.906357, -0.9049231, -0.90698)), list(c(42.1969795, 42.1861038, 42.1800613, 42.1753235, 42.1644363, 42.1601791, 42.1549835, 42.14748, 42.1448323, 42.1441078, 
42.1416558, 42.141304, 42.1374283, 42.1327972, 42.1336632, 42.134448, 42.1374664, 42.1392784, 42.1446877, 42.1580582, 42.1616516, 42.1619922, 42.1653938, 42.1656773, 42.1745491, 42.1792297, 42.1828384, 42.1905785, 42.1982384, 42.2197075, 42.2221869, 42.2222366, 42.21978, 42.2071419, 42.1969795, -0.823594, -0.8312989, -0.8421679, -0.847047, -0.853834, -0.8610051, -0.8658891, -0.868731, -0.8723703, -0.8733661, -0.8860547, -0.887875, -0.888608, -0.882914, -0.878768, -0.877384, -0.872061, -0.87008, -0.8641661, 
-0.8550539, -0.8497291, -0.8486377, -0.8377369, -0.8377835, -0.839242, -0.8293081, -0.825361, -0.8232061, -0.8139279, -0.794383, -0.7957065, -0.795733, -0.800587, -0.813597, -0.823594)), list(c(42.2393875, 42.2378273, 42.229023, 42.2255936, 42.2242012, 42.2253735, 42.2320747, 42.2357063, 42.2384567, 42.239379, 42.2393875, -0.778075, -0.7813089, -0.7901419, -0.789951, -0.7878979, -0.7863793, -0.777698, -0.7755889, -0.7764769, -0.7780605, -0.778075)), list(c(42.257309, 42.2550507, 42.2504921, 42.2481804, 
42.2501869, 42.2502307, 42.2563095, 42.2586388, 42.2586479, 42.257309, -0.7479991, -0.750093, -0.751064, -0.748562, -0.7441739, -0.7441488, -0.740658, -0.7452092, -0.745227, -0.7479991)), list(c(42.2765541, 42.2681732, 42.2623138, 42.2642822, 42.2648978, 42.2728195, 42.278244, 42.2859612, 42.292717, 42.2961235, 42.2980886, 42.2984314, 42.2939339, 42.2826042, 42.2765541, -0.7337639, -0.7396039, -0.7460499, -0.738959, -0.7380739, -0.7266841, -0.7217969, -0.7178029, -0.7099141, -0.708267, -0.7100058, 
-0.710309, -0.7161039, -0.723815, -0.7337639)), list(c(42.3364957, 42.3358459, 42.3341107, 42.3336678, 42.3215866, 42.3185654, 42.3178329, 42.3189337, 42.3203239, 42.3246651, 42.3249428, 42.3250885, 42.3202324, 42.3214029, 42.321579, 42.3343315, 42.3433037, 42.3467331, 42.3486214, 42.3472939, 42.3463359, 42.3457413, 42.3364957, -0.6476959, -0.648533, -0.6556917, -0.6575189, -0.6594951, -0.654934, -0.6505771, -0.6498542, -0.6489411, -0.6493499, -0.6473881, -0.646359, -0.641129, -0.6395183, -0.6392761, 
-0.6363731, -0.6224849, -0.622906, -0.628168, -0.63186, -0.6342806, -0.635783, -0.6476959)), list(c(42.5627708, 42.5591812, 42.5433388, 42.5417175, 42.5428276, 42.543051, 42.5489349, 42.5531769, 42.5561104, 42.5633965, 42.5628561, 42.5627708, -0.377814, -0.383138, -0.394349, -0.3925309, -0.3897611, -0.3895988, -0.385326, -0.377237, -0.374446, -0.372982, -0.3771551, -0.377814)), list(c(42.5571919, 42.5561066, 42.5570526, 42.5618362, 42.5639268, 42.5641708, 42.5619202, 42.5564423, 42.5521469, 42.5464211, 
42.538887, 42.5259285, 42.5180321, 42.4947205, 42.4840889, 42.4777946, 42.4755851, 42.4746628, 42.4749489, 42.478405, 42.4843636, 42.486721, 42.4860846, 42.4856186, 42.4797167, 42.4790726, 42.4779317, 42.477562, 42.4743729, 42.4720421, 42.4735222, 42.4723282, 42.4698181, 42.4655304, 42.4572928, 42.4571304, 42.4557249, 42.4551315, 42.4450302, 42.4406052, 42.4210358, 42.4135895, 42.4050903, 42.4012413, 42.3909416, 42.3671951, 42.3590889, 42.3559723, 42.3528214, 42.3419685, 42.3370361, 42.3239708, 42.3184235, 
42.3177071, 42.3150846, 42.3146286, 42.2965469, 42.2880669, 42.2810326, 42.2600822, 42.255892, 42.2551384, 42.2542801, 42.2552796, 42.2552948, 42.2535057, 42.2420921, 42.2377264, 42.2373314, 42.2347107, 42.2342491, 42.2263494, 42.2263374, 42.2223264, 42.2214355, 42.2137833, 42.2073135, 42.1981697, 42.1875839, 42.1801834, 42.1648331, 42.1478691, 42.145134, 42.1395988, 42.137085, 42.1307564, 42.1150284, 42.1132889, 42.1066704, 42.0943069, 42.0796967, 42.0669365, 42.0588074, 42.0546913, 42.0490913, 
42.0483398, 42.054924, 42.0557817, 42.0632248, 42.0651894, 42.065228, 42.0682602, 42.0689002, 42.0823975, 42.0823792, 42.0820732, 42.0779686, 42.0750449, 42.0743637, 42.0724433, 42.0722046, 42.0602493, 42.0488586, 42.0454712, 42.0385323, 42.0354195, 42.0290756, 42.0233688, 42.01717, 42.0043869, 41.9993401, 41.9930954, 41.9920959, 42.0021172, 41.999012, 41.9953308, 41.9928246, 41.9913553, 41.9910316, 41.9885864, 41.9817276, 41.9807434, 41.9821968, 41.9873199, 41.9930916, 42.0004349, 42.0077438, 42.0236549, 
42.0382423, 42.0428352, 42.0449638, 42.0405846, 42.0413399, 42.0432014, 42.0466957, 42.0547676, 42.0622864, 42.0718193, 42.0811615, 42.0859833, 42.0885429, 42.0892906, 42.0788992, 42.0784073, 42.0747238, 42.073925, 42.0718972, 42.0715561, 42.061985, 42.0591507, 42.051136, 42.0423851, 42.0377255, 42.0371933, 42.0306244, 42.0258617, 42.0250549, 42.0162506, 42.0062447, 41.9913216, 41.9862404, 41.9827538, 41.9788857, 41.9756699, 41.9733353, 41.9725838, 41.9790382, 41.9794502, 41.9770889, 41.9687386, 
41.9665947, 41.9751129, 41.972496, 41.9688873, 41.9680748, 41.9484482, 41.9369774, 41.9266968, 41.9207268, 41.9130806, 41.9129715, 41.9116364, 41.9151154, 41.92062, 41.9261017, 41.9336052, 41.938633, 41.9443893, 41.9513817, 41.9615288, 41.9648018, 41.9653015, 41.9607162, 41.9594498, 41.9594231, 41.9611812, 41.2908821, 41.3108864, 41.8508911, 42.5309067, 42.7239609, 42.7245487, 42.7160263, 42.6512947, 42.6305313, 42.6234474, 42.6065216, 42.5991364, 42.579567, 42.5708898, 42.5699883, 42.5660588, 42.5656433, 
42.5581284, 42.5577202, 42.5571919, -0.3535532, -0.354922, -0.3576681, -0.3569219, -0.3608057, -0.361259, -0.364042, -0.3641061, -0.367601, -0.365831, -0.3656891, -0.3702041, -0.377876, -0.413981, -0.424204, -0.4302571, -0.4340103, -0.435577, -0.440627, -0.4433441, -0.445112, -0.4515171, -0.4535138, -0.4549759, -0.4606363, -0.461254, -0.4668192, -0.468623, -0.4691191, -0.4650109, -0.4551159, -0.450765, -0.450794, -0.454749, -0.4586737, -0.458751, -0.4621599, -0.4635991, -0.477958, -0.4811449, -0.4952351, 
-0.502672, -0.5177019, -0.520503, -0.537622, -0.556733, -0.566475, -0.571763, -0.5771151, -0.586199, -0.5940669, -0.60915, -0.6189805, -0.62025, -0.6288913, -0.6303939, -0.646453, -0.6633231, -0.670449, -0.691672, -0.6975626, -0.698622, -0.703457, -0.71182, -0.711947, -0.7154139, -0.715773, -0.7183507, -0.7185839, -0.7272096, -0.7287289, -0.7357015, -0.7357121, -0.7442178, -0.7461069, -0.7558451, -0.7610589, -0.768429, -0.781186, -0.792989, -0.808557, -0.822996, -0.823485, -0.8187221, -0.8185201, 
-0.8245649, -0.833639, -0.834642, -0.8349461, -0.8325551, -0.832948, -0.8356169, -0.8437499, -0.843336, -0.832828, -0.827091, -0.803349, -0.8015725, -0.786156, -0.782094, -0.7819578, -0.771259, -0.7702637, -0.7492729, -0.7487953, -0.740774, -0.74128, -0.7448526, -0.745685, -0.7553125, -0.7565091, -0.7695101, -0.792156, -0.79564, -0.79524, -0.7950609, -0.799728, -0.80002, -0.796872, -0.797702, -0.7956899, -0.788404, -0.781063, -0.737982, -0.725837, -0.7233501, -0.7240681, -0.726343, -0.726844, -0.732846, 
-0.7726741, -0.786702, -0.79427, -0.802945, -0.8083971, -0.8115331, -0.8116829, -0.805073, -0.802614, -0.8048611, -0.8112721, -0.8278661, -0.834062, -0.8371571, -0.8429651, -0.85, -0.848308, -0.8431469, -0.841204, -0.843449, -0.847557, -0.8532941, -0.8790814, -0.8803021, -0.8865756, -0.887936, -0.898779, -0.9006031, -0.902318, -0.904991, -0.9125489, -0.9264361, -0.9312322, -0.93178, -0.956673, -0.9675351, -0.9693751, -0.9786661, -0.982454, -0.996178, -1.002097, -1.006156, -1.0075771, -1.005774, -1.001433, 
-0.9956951, -0.9804541, -0.9763129, -0.9696739, -0.9582741, -0.9502531, -0.915686, -0.906292, -0.900513, -0.899217, -0.880357, -0.8756559, -0.875309, -0.8726161, -0.8733791, -0.87339, -0.8766221, -0.88141, -0.883419, -0.883589, -0.880289, -0.880694, -0.884997, -0.8975601, -0.905953, -0.912582, -0.9164841, -0.935379, -0.961938, -0.962513, -0.969915, -0.1981373, -0.1481418, -0.0381515, -0.0181533, -0.1705505, -0.1710688, -0.1787159, -0.24195, -0.255894, -0.2606511, -0.2764691, -0.2887279, -0.312844, 
-0.3306318, -0.33248, -0.3489361, -0.3506761, -0.352371, -0.352887, -0.3535532))),237
"48",2802,0.0131066269511403,0.00998698586389562,"SO2802","SO","SO28","Afmadow",26879.6277596803,250151,0.565069518372905,0.592389281615513,141352.705090501,0.662897591198006,0.680126923516858,0.664449876935827,list(list(c(41.3108864, 41.0014572, 40.99565, 40.99565, 40.99565, 41.4208832, 42.1389198, 42.200901, 42.3215446, 42.4309082, 42.6209106, 42.6309128, 42.7268028, 42.5409088, 42.5309067, 41.8508911, 41.3108864, -0.1481418, -0.1964843, -0.1973142, 0.0086117, 1.2327429, 1.2617327, 1.3077554, 1.3117279, 1.3169724, 1.3217269, 0.7517787, 0.7217807, 0.3286811, 0.1118351, -0.0181533, -0.0381515, -0.1481418))),108
